Workbook
Name FOP_FUP_A550: "Gráfico 1"

Sheet seg (1)
A1: IDS - INDICADOR DE DESEMPENHO EM SEGURANÇA
A2: Local: | B2: CMPC | E2: Auditor Líder: | F2: HSE
A3: Contratada: | E3: Auditor: | F3: HSE
A4: Subcontratada: | E4: Data:
A5: Acompanhante: | E5: Hora: | G5: Nº de pessoas:
A6: GABARITO DE OBSERVAÇÃO
A7: USO DE EPI´S | C7: Qtd. | D7: Peso | E7: Comentário
A8: Capacete/Jugular | I8: =IF(COUNT(C8:D8)=1,"-->Verifique! Item QTDE ou PESO em branco","-") -> -
A9: Máscara Respiratória | I9: =IF(COUNT(C9:D9)=1,"-->Verifique! Item QTDE ou PESO em branco","-") -> -
A10: Óculos | I10: =IF(COUNT(C10:D10)=1,"-->Verifique! Item QTDE ou PESO em branco","-") -> -
A11: Protetor Facial | I11: =IF(COUNT(C11:D11)=1,"-->Verifique! Item QTDE ou PESO em branco","-") -> -
A12: Protetor Auricular | I12: =IF(COUNT(C12:D12)=1,"-->Verifique! Item QTDE ou PESO em branco","-") -> -
A13: Luvas | I13: =IF(COUNT(C13:D13)=1,"-->Verifique! Item QTDE ou PESO em branco","-") -> -
A14: Avental/jaleco | I14: =IF(COUNT(C14:D14)=1,"-->Verifique! Item QTDE ou PESO em branco","-") -> -
A15: Calçado de Segurança | I15: =IF(COUNT(C15:D15)=1,"-->Verifique! Item QTDE ou PESO em branco","-") -> -
A16: Cinto de Segurança | I16: =IF(COUNT(C16:D16)=1,"-->Verifique! Item QTDE ou PESO em branco","-") -> -
A17: Sub-total: | C17: =SUM(C8:C16) -> 0
A18: POSIÇÃO DAS PESSOAS | C18: Qtd. | D18: Peso | E18: Comentário
A19: Bater contra/Ser atingido por | I19: =IF(COUNT(C19:D19)=1,"-->Verifique! Item QTDE ou PESO em branco","-") -> -
A20: Ficar preso | I20: =IF(COUNT(C20:D20)=1,"-->Verifique! Item QTDE ou PESO em branco","-") -> -
A21: Risco de queda | I21: =IF(COUNT(C21:D21)=1,"-->Verifique! Item QTDE ou PESO em branco","-") -> -
A22: Risco de queimadura | I22: =IF(COUNT(C22:D22)=1,"-->Verifique! Item QTDE ou PESO em branco","-") -> -
A23: Risco de choque elétrico | I23: =IF(COUNT(C23:D23)=1,"-->Verifique! Item QTDE ou PESO em branco","-") -> -
A24: Inalar/Absorver contaminantes | I24: =IF(COUNT(C24:D24)=1,"-->Verifique! Item QTDE ou PESO em branco","-") -> -
A25: Trabalho Sobreposto | I25: =IF(COUNT(C25:D25)=1,"-->Verifique! Item QTDE ou PESO em branco","-") -> -
A26: Ingerir contaminantes | I26: =IF(COUNT(C26:D26)=1,"-->Verifique! Item QTDE ou PESO em branco","-") -> -
A27: Postura inadequada | I27: =IF(COUNT(C27:D27)=1,"-->Verifique! Item QTDE ou PESO em branco","-") -> -
A28: Esforço inadequado | I28: =IF(COUNT(C28:D28)=1,"-->Verifique! Item QTDE ou PESO em branco","-") -> -
A29: Sub-total: | C29: =SUM(C19:C28) -> 0
A30: AÇÃO QUANDO OBSERVADO | C30: Qtd. | D30: Peso | E30: Comentário
A31: Mudança de posição | I31: =IF(COUNT(C31:D31)=1,"-->Verifique! Item QTDE ou PESO em branco","-") -> -
A32: Paraliza a atividade | I32: =IF(COUNT(C32:D32)=1,"-->Verifique! Item QTDE ou PESO em branco","-") -> -
A33: Ajusta o EPI | I33: =IF(COUNT(C33:D33)=1,"-->Verifique! Item QTDE ou PESO em branco","-") -> -
A34: Adequa o serviço | I34: =IF(COUNT(C34:D34)=1,"-->Verifique! Item QTDE ou PESO em branco","-") -> -
A35: Sub-total: | C35: =SUM(C31:C34) -> 0
A36: PROCEDIMENTOS | C36: Qtd. | D36: Peso | E36: Comentário
A37: Inadequados | I37: =IF(COUNT(C37:D37)=1,"-->Verifique! Item QTDE ou PESO em branco","-") -> -
A38: Não existem procedimentos escritos | I38: =IF(COUNT(C38:D38)=1,"-->Verifique! Item QTDE ou PESO em branco","-") -> -
A39: Adequados e não são seguidos | I39: =IF(COUNT(C39:D39)=1,"-->Verifique! Item QTDE ou PESO em branco","-") -> -
A40: Sub-total: | C40: =SUM(C37:C39) -> 0
A41: FERRAMENTAS E EQUIPAMENTOS | C41: Qtd. | D41: Peso | E41: Comentário
A42: Impróprio para o serviço | I42: =IF(COUNT(C42:D42)=1,"-->Verifique! Item QTDE ou PESO em branco","-") -> -
A43: Usados incorretamente | I43: =IF(COUNT(C43:D43)=1,"-->Verifique! Item QTDE ou PESO em branco","-") -> -
A44: Em condição inseguras | I44: =IF(COUNT(C44:D44)=1,"-->Verifique! Item QTDE ou PESO em branco","-") -> -
A45: Sub-total: | C45: =SUM(C42:C44) -> 0
A46: PADRÕES DE ORGANIZAÇÃO | C46: Qtd. | D46: Peso | E46: Comentário
A47: Local sujo/desorganizado | I47: =IF(COUNT(C47:D47)=1,"-->Verifique! Item QTDE ou PESO em branco","-") -> -
A48: Armazenamento inadequado | I48: =IF(COUNT(C48:D48)=1,"-->Verifique! Item QTDE ou PESO em branco","-") -> -
A49: Contaminação Ambiental | I49: =IF(COUNT(C49:D49)=1,"-->Verifique! Item QTDE ou PESO em branco","-") -> -
A50: Sub-total: | C50: =SUM(C47:C49) -> 0
A51: Resumo dos desvios
A52: Grau de Severidade | C52: Qtd Desvios por Severidade | F52: %
A53: 0.3 | C53: =SUMIF(D8:D16,0.3,C8:C16)+SUMIF(D19:D28,0.3,C19:C28)+SUMIF(D31:D34,0.3,C31:C34)+SUMIF(D37:D39,0.3,C37:C39)+SUMIF(D42:D44,0.3,C42:C44)+SUMIF(D47:D49,0.3,C47:C49) -> 0 | F53: =IF(C53>0,C53/$C$56,"-") -> -
A54: 1 | C54: =SUMIF(D8:D16,1,C8:C16)+SUMIF(D19:D28,1,C19:C28)+SUMIF(D31:D34,1,C31:C34)+SUMIF(D37:D39,1,C37:C39)+SUMIF(D42:D44,1,C42:C44)+SUMIF(D47:D49,1,C47:C49) -> 0 | F54: =IF(C54>0,C54/$C$56,"-") -> -
A55: 3 | C55: =SUMIF(D8:D16,3,C8:C16)+SUMIF(D19:D28,3,C19:C28)+SUMIF(D31:D34,3,C31:C34)+SUMIF(D37:D39,3,C37:C39)+SUMIF(D42:D44,3,C42:C44)+SUMIF(D47:D49,3,C47:C49) -> 0 | F55: =IF(C55>0,C55/$C$56,"-") -> -
A56: total | C56: =SUM(C53:E55) -> 0 | F56: =SUM(F53:H55) -> 0
A57: Resumo da auditoria
A58: Q= Total de desvios encontrados | F58: =C56 -> 0
A59: N= Total de Pessoas Observadas | F59: =H5 -> 0
A60: SD= ∑ Desvios Comportamentais x Severidade dos Desvios | F60: =(C53*A53)+(C54*A54)+(C55*A55) -> 0
A61: Nota Final IDS (%)
A62: IDS = 100 – (SD / N) * 100 | F62: =IF(F59>0,1-((F60/F59)),"-") -> -
A63: Pontos fortes
A69: Oportunidades de Melhorias
A76: NÃO APAGAR DESTA LINHA PARA BAIXO
A77: 0.3
A78: 1
A79: 3

Sheet ter (1)
A1: IDS - INDICADOR DE DESEMPENHO EM SEGURANÇA
A2: Local: | B2: ='seg (1)'!B2 -> CMPC | E2: Auditor Líder: | F2: ='seg (1)'!F2 -> HSE
A3: Contratada: | B3: ='seg (1)'!B3 -> 0 | E3: Auditor:
A4: Subcontratada: | B4: ='seg (1)'!B4 -> 0 | E4: Data:
A5: Acompanhante: | B5: ='seg (1)'!B5 -> 0 | E5: Hora: | G5: Nº de pessoas:
A6: GABARITO DE OBSERVAÇÃO
A7: USO DE EPI´S | C7: Qtd. | D7: Peso | E7: Comentário
A8: Capacete/Jugular | I8: =IF(COUNT(C8:D8)=1,"-->Verifique! Item QTDE ou PESO em branco","-") -> -
A9: Máscara Respiratória | I9: =IF(COUNT(C9:D9)=1,"-->Verifique! Item QTDE ou PESO em branco","-") -> -
A10: Óculos | I10: =IF(COUNT(C10:D10)=1,"-->Verifique! Item QTDE ou PESO em branco","-") -> -
A11: Protetor Facial | I11: =IF(COUNT(C11:D11)=1,"-->Verifique! Item QTDE ou PESO em branco","-") -> -
A12: Protetor Auricular | I12: =IF(COUNT(C12:D12)=1,"-->Verifique! Item QTDE ou PESO em branco","-") -> -
A13: Luvas | I13: =IF(COUNT(C13:D13)=1,"-->Verifique! Item QTDE ou PESO em branco","-") -> -
A14: Avental/jaleco | I14: =IF(COUNT(C14:D14)=1,"-->Verifique! Item QTDE ou PESO em branco","-") -> -
A15: Calçado de Segurança | I15: =IF(COUNT(C15:D15)=1,"-->Verifique! Item QTDE ou PESO em branco","-") -> -
A16: Cinto de Segurança | I16: =IF(COUNT(C16:D16)=1,"-->Verifique! Item QTDE ou PESO em branco","-") -> -
A17: Sub-total: | C17: =SUM(C8:C16) -> 0
A18: POSIÇÃO DAS PESSOAS | C18: Qtd. | D18: Peso | E18: Comentário
A19: Bater contra/Ser atingido por | I19: =IF(COUNT(C19:D19)=1,"-->Verifique! Item QTDE ou PESO em branco","-") -> -
A20: Ficar preso | I20: =IF(COUNT(C20:D20)=1,"-->Verifique! Item QTDE ou PESO em branco","-") -> -
A21: Risco de queda | I21: =IF(COUNT(C21:D21)=1,"-->Verifique! Item QTDE ou PESO em branco","-") -> -
A22: Risco de queimadura | I22: =IF(COUNT(C22:D22)=1,"-->Verifique! Item QTDE ou PESO em branco","-") -> -
A23: Risco de choque elétrico | I23: =IF(COUNT(C23:D23)=1,"-->Verifique! Item QTDE ou PESO em branco","-") -> -
A24: Inalar/Absorver contaminantes | I24: =IF(COUNT(C24:D24)=1,"-->Verifique! Item QTDE ou PESO em branco","-") -> -
A25: Trabalho Sobreposto | I25: =IF(COUNT(C25:D25)=1,"-->Verifique! Item QTDE ou PESO em branco","-") -> -
A26: Ingerir contaminantes | I26: =IF(COUNT(C26:D26)=1,"-->Verifique! Item QTDE ou PESO em branco","-") -> -
A27: Postura inadequada | I27: =IF(COUNT(C27:D27)=1,"-->Verifique! Item QTDE ou PESO em branco","-") -> -
A28: Esforço inadequado | I28: =IF(COUNT(C28:D28)=1,"-->Verifique! Item QTDE ou PESO em branco","-") -> -
A29: Sub-total: | C29: =SUM(C19:C28) -> 0
A30: AÇÃO QUANDO OBSERVADO | C30: Qtd. | D30: Peso | E30: Comentário
A31: Mudança de posição | I31: =IF(COUNT(C31:D31)=1,"-->Verifique! Item QTDE ou PESO em branco","-") -> -
A32: Paraliza a atividade | I32: =IF(COUNT(C32:D32)=1,"-->Verifique! Item QTDE ou PESO em branco","-") -> -
A33: Ajusta o EPI | I33: =IF(COUNT(C33:D33)=1,"-->Verifique! Item QTDE ou PESO em branco","-") -> -
A34: Adequa o serviço | I34: =IF(COUNT(C34:D34)=1,"-->Verifique! Item QTDE ou PESO em branco","-") -> -
A35: Sub-total: | C35: =SUM(C31:C34) -> 0
A36: PROCEDIMENTOS | C36: Qtd. | D36: Peso | E36: Comentário
A37: Inadequados | I37: =IF(COUNT(C37:D37)=1,"-->Verifique! Item QTDE ou PESO em branco","-") -> -
A38: Não existem procedimentos escritos | I38: =IF(COUNT(C38:D38)=1,"-->Verifique! Item QTDE ou PESO em branco","-") -> -
A39: Adequados e não são seguidos | I39: =IF(COUNT(C39:D39)=1,"-->Verifique! Item QTDE ou PESO em branco","-") -> -
A40: Sub-total: | C40: =SUM(C37:C39) -> 0
A41: FERRAMENTAS E EQUIPAMENTOS | C41: Qtd. | D41: Peso | E41: Comentário
A42: Impróprio para o serviço | I42: =IF(COUNT(C42:D42)=1,"-->Verifique! Item QTDE ou PESO em branco","-") -> -
A43: Usados incorretamente | I43: =IF(COUNT(C43:D43)=1,"-->Verifique! Item QTDE ou PESO em branco","-") -> -
A44: Em condição inseguras | I44: =IF(COUNT(C44:D44)=1,"-->Verifique! Item QTDE ou PESO em branco","-") -> -
A45: Sub-total: | C45: =SUM(C42:C44) -> 0
A46: PADRÕES DE ORGANIZAÇÃO | C46: Qtd. | D46: Peso | E46: Comentário
A47: Local sujo/desorganizado | I47: =IF(COUNT(C47:D47)=1,"-->Verifique! Item QTDE ou PESO em branco","-") -> -
A48: Armazenamento inadequado | I48: =IF(COUNT(C48:D48)=1,"-->Verifique! Item QTDE ou PESO em branco","-") -> -
A49: Contaminação Ambiental | I49: =IF(COUNT(C49:D49)=1,"-->Verifique! Item QTDE ou PESO em branco","-") -> -
A50: Sub-total: | C50: =SUM(C47:C49) -> 0
A51: Resumo dos desvios
A52: Grau de Severidade | C52: Qtd Desvios por Severidade | F52: %
A53: 0.3 | C53: =SUMIF(D8:D16,0.3,C8:C16)+SUMIF(D19:D28,0.3,C19:C28)+SUMIF(D31:D34,0.3,C31:C34)+SUMIF(D37:D39,0.3,C37:C39)+SUMIF(D42:D44,0.3,C42:C44)+SUMIF(D47:D49,0.3,C47:C49) -> 0 | F53: =IF(C53>0,C53/$C$56,"-") -> -
A54: 1 | C54: =SUMIF(D8:D16,1,C8:C16)+SUMIF(D19:D28,1,C19:C28)+SUMIF(D31:D34,1,C31:C34)+SUMIF(D37:D39,1,C37:C39)+SUMIF(D42:D44,1,C42:C44)+SUMIF(D47:D49,1,C47:C49) -> 0 | F54: =IF(C54>0,C54/$C$56,"-") -> -
A55: 3 | C55: =SUMIF(D8:D16,3,C8:C16)+SUMIF(D19:D28,3,C19:C28)+SUMIF(D31:D34,3,C31:C34)+SUMIF(D37:D39,3,C37:C39)+SUMIF(D42:D44,3,C42:C44)+SUMIF(D47:D49,3,C47:C49) -> 0 | F55: =IF(C55>0,C55/$C$56,"-") -> -
A56: total | C56: =SUM(C53:E55) -> 0 | F56: =SUM(F53:H55) -> 0
A57: Resumo da auditoria
A58: Q= Total de desvios encontrados | F58: =C56 -> 0
A59: N= Total de Pessoas Observadas | F59: =H5 -> 0
A60: SD= ∑ Desvios Comportamentais x Severidade dos Desvios | F60: =(C53*A53)+(C54*A54)+(C55*A55) -> 0
A61: Nota Final IDS (%)
A62: IDS = 100 – (SD / N) * 100 | F62: =IF(F59>0,1-((F60/F59)),"-") -> -
A63: Pontos fortes
A69: Oportunidades de Melhorias
A76: NÃO APAGAR DESTA LINHA PARA BAIXO
A77: 0.3
A78: 1
A79: 3

Sheet qua (1)
A1: IDS - INDICADOR DE DESEMPENHO EM SEGURANÇA
A2: Local: | B2: ='seg (1)'!B2 -> CMPC | E2: Auditor Líder: | F2: ='seg (1)'!F2 -> HSE
A3: Contratada: | B3: ='seg (1)'!B3 -> 0 | E3: Auditor:
A4: Subcontratada: | B4: ='seg (1)'!B4 -> 0 | E4: Data:
A5: Acompanhante: | B5: ='seg (1)'!B5 -> 0 | E5: Hora: | G5: Nº de pessoas:
A6: GABARITO DE OBSERVAÇÃO
A7: USO DE EPI´S | C7: Qtd. | D7: Peso | E7: Comentário
A8: Capacete/Jugular | I8: =IF(COUNT(C8:D8)=1,"-->Verifique! Item QTDE ou PESO em branco","-") -> -
A9: Máscara Respiratória | I9: =IF(COUNT(C9:D9)=1,"-->Verifique! Item QTDE ou PESO em branco","-") -> -
A10: Óculos | I10: =IF(COUNT(C10:D10)=1,"-->Verifique! Item QTDE ou PESO em branco","-") -> -
A11: Protetor Facial | I11: =IF(COUNT(C11:D11)=1,"-->Verifique! Item QTDE ou PESO em branco","-") -> -
A12: Protetor Auricular | I12: =IF(COUNT(C12:D12)=1,"-->Verifique! Item QTDE ou PESO em branco","-") -> -
A13: Luvas | I13: =IF(COUNT(C13:D13)=1,"-->Verifique! Item QTDE ou PESO em branco","-") -> -
A14: Avental/jaleco | I14: =IF(COUNT(C14:D14)=1,"-->Verifique! Item QTDE ou PESO em branco","-") -> -
A15: Calçado de Segurança | I15: =IF(COUNT(C15:D15)=1,"-->Verifique! Item QTDE ou PESO em branco","-") -> -
A16: Cinto de Segurança | I16: =IF(COUNT(C16:D16)=1,"-->Verifique! Item QTDE ou PESO em branco","-") -> -
A17: Sub-total: | C17: =SUM(C8:C16) -> 0
A18: POSIÇÃO DAS PESSOAS | C18: Qtd. | D18: Peso | E18: Comentário
A19: Bater contra/Ser atingido por | I19: =IF(COUNT(C19:D19)=1,"-->Verifique! Item QTDE ou PESO em branco","-") -> -
A20: Ficar preso | I20: =IF(COUNT(C20:D20)=1,"-->Verifique! Item QTDE ou PESO em branco","-") -> -
A21: Risco de queda | I21: =IF(COUNT(C21:D21)=1,"-->Verifique! Item QTDE ou PESO em branco","-") -> -
A22: Risco de queimadura | I22: =IF(COUNT(C22:D22)=1,"-->Verifique! Item QTDE ou PESO em branco","-") -> -
A23: Risco de choque elétrico | I23: =IF(COUNT(C23:D23)=1,"-->Verifique! Item QTDE ou PESO em branco","-") -> -
A24: Inalar/Absorver contaminantes | I24: =IF(COUNT(C24:D24)=1,"-->Verifique! Item QTDE ou PESO em branco","-") -> -
A25: Trabalho Sobreposto | I25: =IF(COUNT(C25:D25)=1,"-->Verifique! Item QTDE ou PESO em branco","-") -> -
A26: Ingerir contaminantes | I26: =IF(COUNT(C26:D26)=1,"-->Verifique! Item QTDE ou PESO em branco","-") -> -
A27: Postura inadequada | I27: =IF(COUNT(C27:D27)=1,"-->Verifique! Item QTDE ou PESO em branco","-") -> -
A28: Esforço inadequado | I28: =IF(COUNT(C28:D28)=1,"-->Verifique! Item QTDE ou PESO em branco","-") -> -
A29: Sub-total: | C29: =SUM(C19:C28) -> 0
A30: AÇÃO QUANDO OBSERVADO | C30: Qtd. | D30: Peso | E30: Comentário
A31: Mudança de posição | I31: =IF(COUNT(C31:D31)=1,"-->Verifique! Item QTDE ou PESO em branco","-") -> -
A32: Paraliza a atividade | I32: =IF(COUNT(C32:D32)=1,"-->Verifique! Item QTDE ou PESO em branco","-") -> -
A33: Ajusta o EPI | I33: =IF(COUNT(C33:D33)=1,"-->Verifique! Item QTDE ou PESO em branco","-") -> -
A34: Adequa o serviço | I34: =IF(COUNT(C34:D34)=1,"-->Verifique! Item QTDE ou PESO em branco","-") -> -
A35: Sub-total: | C35: =SUM(C31:C34) -> 0
A36: PROCEDIMENTOS | C36: Qtd. | D36: Peso | E36: Comentário
A37: Inadequados | I37: =IF(COUNT(C37:D37)=1,"-->Verifique! Item QTDE ou PESO em branco","-") -> -
A38: Não existem procedimentos escritos | I38: =IF(COUNT(C38:D38)=1,"-->Verifique! Item QTDE ou PESO em branco","-") -> -
A39: Adequados e não são seguidos | I39: =IF(COUNT(C39:D39)=1,"-->Verifique! Item QTDE ou PESO em branco","-") -> -
A40: Sub-total: | C40: =SUM(C37:C39) -> 0
A41: FERRAMENTAS E EQUIPAMENTOS | C41: Qtd. | D41: Peso | E41: Comentário
A42: Impróprio para o serviço | I42: =IF(COUNT(C42:D42)=1,"-->Verifique! Item QTDE ou PESO em branco","-") -> -
A43: Usados incorretamente | I43: =IF(COUNT(C43:D43)=1,"-->Verifique! Item QTDE ou PESO em branco","-") -> -
A44: Em condição inseguras | I44: =IF(COUNT(C44:D44)=1,"-->Verifique! Item QTDE ou PESO em branco","-") -> -
A45: Sub-total: | C45: =SUM(C42:C44) -> 0
A46: PADRÕES DE ORGANIZAÇÃO | C46: Qtd. | D46: Peso | E46: Comentário
A47: Local sujo/desorganizado | I47: =IF(COUNT(C47:D47)=1,"-->Verifique! Item QTDE ou PESO em branco","-") -> -
A48: Armazenamento inadequado | I48: =IF(COUNT(C48:D48)=1,"-->Verifique! Item QTDE ou PESO em branco","-") -> -
A49: Contaminação Ambiental | I49: =IF(COUNT(C49:D49)=1,"-->Verifique! Item QTDE ou PESO em branco","-") -> -
A50: Sub-total: | C50: =SUM(C47:C49) -> 0
A51: Resumo dos desvios
A52: Grau de Severidade | C52: Qtd Desvios por Severidade | F52: %
A53: 0.3 | C53: =SUMIF(D8:D16,0.3,C8:C16)+SUMIF(D19:D28,0.3,C19:C28)+SUMIF(D31:D34,0.3,C31:C34)+SUMIF(D37:D39,0.3,C37:C39)+SUMIF(D42:D44,0.3,C42:C44)+SUMIF(D47:D49,0.3,C47:C49) -> 0 | F53: =IF(C53>0,C53/$C$56,"-") -> -
A54: 1 | C54: =SUMIF(D8:D16,1,C8:C16)+SUMIF(D19:D28,1,C19:C28)+SUMIF(D31:D34,1,C31:C34)+SUMIF(D37:D39,1,C37:C39)+SUMIF(D42:D44,1,C42:C44)+SUMIF(D47:D49,1,C47:C49) -> 0 | F54: =IF(C54>0,C54/$C$56,"-") -> -
A55: 3 | C55: =SUMIF(D8:D16,3,C8:C16)+SUMIF(D19:D28,3,C19:C28)+SUMIF(D31:D34,3,C31:C34)+SUMIF(D37:D39,3,C37:C39)+SUMIF(D42:D44,3,C42:C44)+SUMIF(D47:D49,3,C47:C49) -> 0 | F55: =IF(C55>0,C55/$C$56,"-") -> -
A56: total | C56: =SUM(C53:E55) -> 0 | F56: =SUM(F53:H55) -> 0
A57: Resumo da auditoria
A58: Q= Total de desvios encontrados | F58: =C56 -> 0
A59: N= Total de Pessoas Observadas | F59: =H5 -> 0
A60: SD= ∑ Desvios Comportamentais x Severidade dos Desvios | F60: =(C53*A53)+(C54*A54)+(C55*A55) -> 0
A61: Nota Final IDS (%)
A62: IDS = 100 – (SD / N) * 100 | F62: =IF(F59>0,1-((F60/F59)),"-") -> -
A63: Pontos fortes
A69: Oportunidades de Melhorias
A76: NÃO APAGAR DESTA LINHA PARA BAIXO
A77: 0.3
A78: 1
A79: 3

Sheet qui (1)
A1: IDS - INDICADOR DE DESEMPENHO EM SEGURANÇA
A2: Local: | B2: ='seg (1)'!B2 -> CMPC | E2: Auditor Líder: | F2: ='seg (1)'!F2 -> HSE
A3: Contratada: | B3: ='seg (1)'!B3 -> 0 | E3: Auditor:
A4: Subcontratada: | B4: ='seg (1)'!B4 -> 0 | E4: Data:
A5: Acompanhante: | B5: ='seg (1)'!B5 -> 0 | E5: Hora: | G5: Nº de pessoas:
A6: GABARITO DE OBSERVAÇÃO
A7: USO DE EPI´S | C7: Qtd. | D7: Peso | E7: Comentário
A8: Capacete/Jugular | I8: =IF(COUNT(C8:D8)=1,"-->Verifique! Item QTDE ou PESO em branco","-") -> -
A9: Máscara Respiratória | I9: =IF(COUNT(C9:D9)=1,"-->Verifique! Item QTDE ou PESO em branco","-") -> -
A10: Óculos | I10: =IF(COUNT(C10:D10)=1,"-->Verifique! Item QTDE ou PESO em branco","-") -> -
A11: Protetor Facial | I11: =IF(COUNT(C11:D11)=1,"-->Verifique! Item QTDE ou PESO em branco","-") -> -
A12: Protetor Auricular | I12: =IF(COUNT(C12:D12)=1,"-->Verifique! Item QTDE ou PESO em branco","-") -> -
A13: Luvas | I13: =IF(COUNT(C13:D13)=1,"-->Verifique! Item QTDE ou PESO em branco","-") -> -
A14: Avental/jaleco | I14: =IF(COUNT(C14:D14)=1,"-->Verifique! Item QTDE ou PESO em branco","-") -> -
A15: Calçado de Segurança | I15: =IF(COUNT(C15:D15)=1,"-->Verifique! Item QTDE ou PESO em branco","-") -> -
A16: Cinto de Segurança | I16: =IF(COUNT(C16:D16)=1,"-->Verifique! Item QTDE ou PESO em branco","-") -> -
A17: Sub-total: | C17: =SUM(C8:C16) -> 0
A18: POSIÇÃO DAS PESSOAS | C18: Qtd. | D18: Peso | E18: Comentário
A19: Bater contra/Ser atingido por | I19: =IF(COUNT(C19:D19)=1,"-->Verifique! Item QTDE ou PESO em branco","-") -> -
A20: Ficar preso | I20: =IF(COUNT(C20:D20)=1,"-->Verifique! Item QTDE ou PESO em branco","-") -> -
A21: Risco de queda | I21: =IF(COUNT(C21:D21)=1,"-->Verifique! Item QTDE ou PESO em branco","-") -> -
A22: Risco de queimadura | I22: =IF(COUNT(C22:D22)=1,"-->Verifique! Item QTDE ou PESO em branco","-") -> -
A23: Risco de choque elétrico | I23: =IF(COUNT(C23:D23)=1,"-->Verifique! Item QTDE ou PESO em branco","-") -> -
A24: Inalar/Absorver contaminantes | I24: =IF(COUNT(C24:D24)=1,"-->Verifique! Item QTDE ou PESO em branco","-") -> -
A25: Trabalho Sobreposto | I25: =IF(COUNT(C25:D25)=1,"-->Verifique! Item QTDE ou PESO em branco","-") -> -
A26: Ingerir contaminantes | I26: =IF(COUNT(C26:D26)=1,"-->Verifique! Item QTDE ou PESO em branco","-") -> -
A27: Postura inadequada | I27: =IF(COUNT(C27:D27)=1,"-->Verifique! Item QTDE ou PESO em branco","-") -> -
A28: Esforço inadequado | I28: =IF(COUNT(C28:D28)=1,"-->Verifique! Item QTDE ou PESO em branco","-") -> -
A29: Sub-total: | C29: =SUM(C19:C28) -> 0
A30: AÇÃO QUANDO OBSERVADO | C30: Qtd. | D30: Peso | E30: Comentário
A31: Mudança de posição | I31: =IF(COUNT(C31:D31)=1,"-->Verifique! Item QTDE ou PESO em branco","-") -> -
A32: Paraliza a atividade | I32: =IF(COUNT(C32:D32)=1,"-->Verifique! Item QTDE ou PESO em branco","-") -> -
A33: Ajusta o EPI | I33: =IF(COUNT(C33:D33)=1,"-->Verifique! Item QTDE ou PESO em branco","-") -> -
A34: Adequa o serviço | I34: =IF(COUNT(C34:D34)=1,"-->Verifique! Item QTDE ou PESO em branco","-") -> -
A35: Sub-total: | C35: =SUM(C31:C34) -> 0
A36: PROCEDIMENTOS | C36: Qtd. | D36: Peso | E36: Comentário
A37: Inadequados | I37: =IF(COUNT(C37:D37)=1,"-->Verifique! Item QTDE ou PESO em branco","-") -> -
A38: Não existem procedimentos escritos | I38: =IF(COUNT(C38:D38)=1,"-->Verifique! Item QTDE ou PESO em branco","-") -> -
A39: Adequados e não são seguidos | I39: =IF(COUNT(C39:D39)=1,"-->Verifique! Item QTDE ou PESO em branco","-") -> -
A40: Sub-total: | C40: =SUM(C37:C39) -> 0
A41: FERRAMENTAS E EQUIPAMENTOS | C41: Qtd. | D41: Peso | E41: Comentário
A42: Impróprio para o serviço | I42: =IF(COUNT(C42:D42)=1,"-->Verifique! Item QTDE ou PESO em branco","-") -> -
A43: Usados incorretamente | I43: =IF(COUNT(C43:D43)=1,"-->Verifique! Item QTDE ou PESO em branco","-") -> -
A44: Em condição inseguras | I44: =IF(COUNT(C44:D44)=1,"-->Verifique! Item QTDE ou PESO em branco","-") -> -
A45: Sub-total: | C45: =SUM(C42:C44) -> 0
A46: PADRÕES DE ORGANIZAÇÃO | C46: Qtd. | D46: Peso | E46: Comentário
A47: Local sujo/desorganizado | I47: =IF(COUNT(C47:D47)=1,"-->Verifique! Item QTDE ou PESO em branco","-") -> -
A48: Armazenamento inadequado | I48: =IF(COUNT(C48:D48)=1,"-->Verifique! Item QTDE ou PESO em branco","-") -> -
A49: Contaminação Ambiental | I49: =IF(COUNT(C49:D49)=1,"-->Verifique! Item QTDE ou PESO em branco","-") -> -
A50: Sub-total: | C50: =SUM(C47:C49) -> 0
A51: Resumo dos desvios
A52: Grau de Severidade | C52: Qtd Desvios por Severidade | F52: %
A53: 0.3 | C53: =SUMIF(D8:D16,0.3,C8:C16)+SUMIF(D19:D28,0.3,C19:C28)+SUMIF(D31:D34,0.3,C31:C34)+SUMIF(D37:D39,0.3,C37:C39)+SUMIF(D42:D44,0.3,C42:C44)+SUMIF(D47:D49,0.3,C47:C49) -> 0 | F53: =IF(C53>0,C53/$C$56,"-") -> -
A54: 1 | C54: =SUMIF(D8:D16,1,C8:C16)+SUMIF(D19:D28,1,C19:C28)+SUMIF(D31:D34,1,C31:C34)+SUMIF(D37:D39,1,C37:C39)+SUMIF(D42:D44,1,C42:C44)+SUMIF(D47:D49,1,C47:C49) -> 0 | F54: =IF(C54>0,C54/$C$56,"-") -> -
A55: 3 | C55: =SUMIF(D8:D16,3,C8:C16)+SUMIF(D19:D28,3,C19:C28)+SUMIF(D31:D34,3,C31:C34)+SUMIF(D37:D39,3,C37:C39)+SUMIF(D42:D44,3,C42:C44)+SUMIF(D47:D49,3,C47:C49) -> 0 | F55: =IF(C55>0,C55/$C$56,"-") -> -
A56: total | C56: =SUM(C53:E55) -> 0 | F56: =SUM(F53:H55) -> 0
A57: Resumo da auditoria
A58: Q= Total de desvios encontrados | F58: =C56 -> 0
A59: N= Total de Pessoas Observadas | F59: =H5 -> 0
A60: SD= ∑ Desvios Comportamentais x Severidade dos Desvios | F60: =(C53*A53)+(C54*A54)+(C55*A55) -> 0
A61: Nota Final IDS (%)
A62: IDS = 100 – (SD / N) * 100 | F62: =IF(F59>0,1-((F60/F59)),"-") -> -
A63: Pontos fortes
A69: Oportunidades de Melhorias
A76: NÃO APAGAR DESTA LINHA PARA BAIXO
A77: 0.3
A78: 1
A79: 3

Sheet sex (1)
A1: IDS - INDICADOR DE DESEMPENHO EM SEGURANÇA
A2: Local: | B2: ='seg (1)'!B2 -> CMPC | E2: Auditor Líder: | F2: ='seg (1)'!F2 -> HSE
A3: Contratada: | B3: ='seg (1)'!B3 -> 0 | E3: Auditor:
A4: Subcontratada: | B4: ='seg (1)'!B4 -> 0 | E4: Data:
A5: Acompanhante: | B5: ='seg (1)'!B5 -> 0 | E5: Hora: | G5: Nº de pessoas:
A6: GABARITO DE OBSERVAÇÃO
A7: USO DE EPI´S | C7: Qtd. | D7: Peso | E7: Comentário
A8: Capacete/Jugular | I8: =IF(COUNT(C8:D8)=1,"-->Verifique! Item QTDE ou PESO em branco","-") -> -
A9: Máscara Respiratória | I9: =IF(COUNT(C9:D9)=1,"-->Verifique! Item QTDE ou PESO em branco","-") -> -
A10: Óculos | I10: =IF(COUNT(C10:D10)=1,"-->Verifique! Item QTDE ou PESO em branco","-") -> -
A11: Protetor Facial | I11: =IF(COUNT(C11:D11)=1,"-->Verifique! Item QTDE ou PESO em branco","-") -> -
A12: Protetor Auricular | I12: =IF(COUNT(C12:D12)=1,"-->Verifique! Item QTDE ou PESO em branco","-") -> -
A13: Luvas | I13: =IF(COUNT(C13:D13)=1,"-->Verifique! Item QTDE ou PESO em branco","-") -> -
A14: Avental/jaleco | I14: =IF(COUNT(C14:D14)=1,"-->Verifique! Item QTDE ou PESO em branco","-") -> -
A15: Calçado de Segurança | I15: =IF(COUNT(C15:D15)=1,"-->Verifique! Item QTDE ou PESO em branco","-") -> -
A16: Cinto de Segurança | I16: =IF(COUNT(C16:D16)=1,"-->Verifique! Item QTDE ou PESO em branco","-") -> -
A17: Sub-total: | C17: =SUM(C8:C16) -> 0
A18: POSIÇÃO DAS PESSOAS | C18: Qtd. | D18: Peso | E18: Comentário
A19: Bater contra/Ser atingido por | I19: =IF(COUNT(C19:D19)=1,"-->Verifique! Item QTDE ou PESO em branco","-") -> -
A20: Ficar preso | I20: =IF(COUNT(C20:D20)=1,"-->Verifique! Item QTDE ou PESO em branco","-") -> -
A21: Risco de queda | I21: =IF(COUNT(C21:D21)=1,"-->Verifique! Item QTDE ou PESO em branco","-") -> -
A22: Risco de queimadura | I22: =IF(COUNT(C22:D22)=1,"-->Verifique! Item QTDE ou PESO em branco","-") -> -
A23: Risco de choque elétrico | I23: =IF(COUNT(C23:D23)=1,"-->Verifique! Item QTDE ou PESO em branco","-") -> -
A24: Inalar/Absorver contaminantes | I24: =IF(COUNT(C24:D24)=1,"-->Verifique! Item QTDE ou PESO em branco","-") -> -
A25: Trabalho Sobreposto | I25: =IF(COUNT(C25:D25)=1,"-->Verifique! Item QTDE ou PESO em branco","-") -> -
A26: Ingerir contaminantes | I26: =IF(COUNT(C26:D26)=1,"-->Verifique! Item QTDE ou PESO em branco","-") -> -
A27: Postura inadequada | I27: =IF(COUNT(C27:D27)=1,"-->Verifique! Item QTDE ou PESO em branco","-") -> -
A28: Esforço inadequado | I28: =IF(COUNT(C28:D28)=1,"-->Verifique! Item QTDE ou PESO em branco","-") -> -
A29: Sub-total: | C29: =SUM(C19:C28) -> 0
A30: AÇÃO QUANDO OBSERVADO | C30: Qtd. | D30: Peso | E30: Comentário
A31: Mudança de posição | I31: =IF(COUNT(C31:D31)=1,"-->Verifique! Item QTDE ou PESO em branco","-") -> -
A32: Paraliza a atividade | I32: =IF(COUNT(C32:D32)=1,"-->Verifique! Item QTDE ou PESO em branco","-") -> -
A33: Ajusta o EPI | I33: =IF(COUNT(C33:D33)=1,"-->Verifique! Item QTDE ou PESO em branco","-") -> -
A34: Adequa o serviço | I34: =IF(COUNT(C34:D34)=1,"-->Verifique! Item QTDE ou PESO em branco","-") -> -
A35: Sub-total: | C35: =SUM(C31:C34) -> 0
A36: PROCEDIMENTOS | C36: Qtd. | D36: Peso | E36: Comentário
A37: Inadequados | I37: =IF(COUNT(C37:D37)=1,"-->Verifique! Item QTDE ou PESO em branco","-") -> -
A38: Não existem procedimentos escritos | I38: =IF(COUNT(C38:D38)=1,"-->Verifique! Item QTDE ou PESO em branco","-") -> -
A39: Adequados e não são seguidos | I39: =IF(COUNT(C39:D39)=1,"-->Verifique! Item QTDE ou PESO em branco","-") -> -
A40: Sub-total: | C40: =SUM(C37:C39) -> 0
A41: FERRAMENTAS E EQUIPAMENTOS | C41: Qtd. | D41: Peso | E41: Comentário
A42: Impróprio para o serviço | I42: =IF(COUNT(C42:D42)=1,"-->Verifique! Item QTDE ou PESO em branco","-") -> -
A43: Usados incorretamente | I43: =IF(COUNT(C43:D43)=1,"-->Verifique! Item QTDE ou PESO em branco","-") -> -
A44: Em condição inseguras | I44: =IF(COUNT(C44:D44)=1,"-->Verifique! Item QTDE ou PESO em branco","-") -> -
A45: Sub-total: | C45: =SUM(C42:C44) -> 0
A46: PADRÕES DE ORGANIZAÇÃO | C46: Qtd. | D46: Peso | E46: Comentário
A47: Local sujo/desorganizado | I47: =IF(COUNT(C47:D47)=1,"-->Verifique! Item QTDE ou PESO em branco","-") -> -
A48: Armazenamento inadequado | I48: =IF(COUNT(C48:D48)=1,"-->Verifique! Item QTDE ou PESO em branco","-") -> -
A49: Contaminação Ambiental | I49: =IF(COUNT(C49:D49)=1,"-->Verifique! Item QTDE ou PESO em branco","-") -> -
A50: Sub-total: | C50: =SUM(C47:C49) -> 0
A51: Resumo dos desvios
A52: Grau de Severidade | C52: Qtd Desvios por Severidade | F52: %
A53: 0.3 | C53: =SUMIF(D8:D16,0.3,C8:C16)+SUMIF(D19:D28,0.3,C19:C28)+SUMIF(D31:D34,0.3,C31:C34)+SUMIF(D37:D39,0.3,C37:C39)+SUMIF(D42:D44,0.3,C42:C44)+SUMIF(D47:D49,0.3,C47:C49) -> 0 | F53: =IF(C53>0,C53/$C$56,"-") -> -
A54: 1 | C54: =SUMIF(D8:D16,1,C8:C16)+SUMIF(D19:D28,1,C19:C28)+SUMIF(D31:D34,1,C31:C34)+SUMIF(D37:D39,1,C37:C39)+SUMIF(D42:D44,1,C42:C44)+SUMIF(D47:D49,1,C47:C49) -> 0 | F54: =IF(C54>0,C54/$C$56,"-") -> -
A55: 3 | C55: =SUMIF(D8:D16,3,C8:C16)+SUMIF(D19:D28,3,C19:C28)+SUMIF(D31:D34,3,C31:C34)+SUMIF(D37:D39,3,C37:C39)+SUMIF(D42:D44,3,C42:C44)+SUMIF(D47:D49,3,C47:C49) -> 0 | F55: =IF(C55>0,C55/$C$56,"-") -> -
A56: total | C56: =SUM(C53:E55) -> 0 | F56: =SUM(F53:H55) -> 0
A57: Resumo da auditoria
A58: Q= Total de desvios encontrados | F58: =C56 -> 0
A59: N= Total de Pessoas Observadas | F59: =H5 -> 0
A60: SD= ∑ Desvios Comportamentais x Severidade dos Desvios | F60: =(C53*A53)+(C54*A54)+(C55*A55) -> 0
A61: Nota Final IDS (%)
A62: IDS = 100 – (SD / N) * 100 | F62: =IF(F59>0,1-((F60/F59)),"-") -> -
A63: Pontos fortes
A69: Oportunidades de Melhorias
A76: NÃO APAGAR DESTA LINHA PARA BAIXO
A77: 0.3
A78: 1
A79: 3

Sheet sab (1)
A1: IDS - INDICADOR DE DESEMPENHO EM SEGURANÇA
A2: Local: | B2: ='seg (1)'!B2 -> CMPC | E2: Auditor Líder: | F2: ='seg (1)'!F2 -> HSE
A3: Contratada: | B3: ='seg (1)'!B3 -> 0 | E3: Auditor:
A4: Subcontratada: | B4: ='seg (1)'!B4 -> 0 | E4: Data:
A5: Acompanhante: | B5: ='seg (1)'!B5 -> 0 | E5: Hora: | G5: Nº de pessoas:
A6: GABARITO DE OBSERVAÇÃO
A7: USO DE EPI´S | C7: Qtd. | D7: Peso | E7: Comentário
A8: Capacete/Jugular | I8: =IF(COUNT(C8:D8)=1,"-->Verifique! Item QTDE ou PESO em branco","-") -> -
A9: Máscara Respiratória | I9: =IF(COUNT(C9:D9)=1,"-->Verifique! Item QTDE ou PESO em branco","-") -> -
A10: Óculos | I10: =IF(COUNT(C10:D10)=1,"-->Verifique! Item QTDE ou PESO em branco","-") -> -
A11: Protetor Facial | I11: =IF(COUNT(C11:D11)=1,"-->Verifique! Item QTDE ou PESO em branco","-") -> -
A12: Protetor Auricular | I12: =IF(COUNT(C12:D12)=1,"-->Verifique! Item QTDE ou PESO em branco","-") -> -
A13: Luvas | I13: =IF(COUNT(C13:D13)=1,"-->Verifique! Item QTDE ou PESO em branco","-") -> -
A14: Avental/jaleco | I14: =IF(COUNT(C14:D14)=1,"-->Verifique! Item QTDE ou PESO em branco","-") -> -
A15: Calçado de Segurança | I15: =IF(COUNT(C15:D15)=1,"-->Verifique! Item QTDE ou PESO em branco","-") -> -
A16: Cinto de Segurança | I16: =IF(COUNT(C16:D16)=1,"-->Verifique! Item QTDE ou PESO em branco","-") -> -
A17: Sub-total: | C17: =SUM(C8:C16) -> 0
A18: POSIÇÃO DAS PESSOAS | C18: Qtd. | D18: Peso | E18: Comentário
A19: Bater contra/Ser atingido por | I19: =IF(COUNT(C19:D19)=1,"-->Verifique! Item QTDE ou PESO em branco","-") -> -
A20: Ficar preso | I20: =IF(COUNT(C20:D20)=1,"-->Verifique! Item QTDE ou PESO em branco","-") -> -
A21: Risco de queda | I21: =IF(COUNT(C21:D21)=1,"-->Verifique! Item QTDE ou PESO em branco","-") -> -
A22: Risco de queimadura | I22: =IF(COUNT(C22:D22)=1,"-->Verifique! Item QTDE ou PESO em branco","-") -> -
A23: Risco de choque elétrico | I23: =IF(COUNT(C23:D23)=1,"-->Verifique! Item QTDE ou PESO em branco","-") -> -
A24: Inalar/Absorver contaminantes | I24: =IF(COUNT(C24:D24)=1,"-->Verifique! Item QTDE ou PESO em branco","-") -> -
A25: Trabalho Sobreposto | I25: =IF(COUNT(C25:D25)=1,"-->Verifique! Item QTDE ou PESO em branco","-") -> -
A26: Ingerir contaminantes | I26: =IF(COUNT(C26:D26)=1,"-->Verifique! Item QTDE ou PESO em branco","-") -> -
A27: Postura inadequada | I27: =IF(COUNT(C27:D27)=1,"-->Verifique! Item QTDE ou PESO em branco","-") -> -
A28: Esforço inadequado | I28: =IF(COUNT(C28:D28)=1,"-->Verifique! Item QTDE ou PESO em branco","-") -> -
A29: Sub-total: | C29: =SUM(C19:C28) -> 0
A30: AÇÃO QUANDO OBSERVADO | C30: Qtd. | D30: Peso | E30: Comentário
A31: Mudança de posição | I31: =IF(COUNT(C31:D31)=1,"-->Verifique! Item QTDE ou PESO em branco","-") -> -
A32: Paraliza a atividade | I32: =IF(COUNT(C32:D32)=1,"-->Verifique! Item QTDE ou PESO em branco","-") -> -
A33: Ajusta o EPI | I33: =IF(COUNT(C33:D33)=1,"-->Verifique! Item QTDE ou PESO em branco","-") -> -
A34: Adequa o serviço | I34: =IF(COUNT(C34:D34)=1,"-->Verifique! Item QTDE ou PESO em branco","-") -> -
A35: Sub-total: | C35: =SUM(C31:C34) -> 0
A36: PROCEDIMENTOS | C36: Qtd. | D36: Peso | E36: Comentário
A37: Inadequados | I37: =IF(COUNT(C37:D37)=1,"-->Verifique! Item QTDE ou PESO em branco","-") -> -
A38: Não existem procedimentos escritos | I38: =IF(COUNT(C38:D38)=1,"-->Verifique! Item QTDE ou PESO em branco","-") -> -
A39: Adequados e não são seguidos | I39: =IF(COUNT(C39:D39)=1,"-->Verifique! Item QTDE ou PESO em branco","-") -> -
A40: Sub-total: | C40: =SUM(C37:C39) -> 0
A41: FERRAMENTAS E EQUIPAMENTOS | C41: Qtd. | D41: Peso | E41: Comentário
A42: Impróprio para o serviço | I42: =IF(COUNT(C42:D42)=1,"-->Verifique! Item QTDE ou PESO em branco","-") -> -
A43: Usados incorretamente | I43: =IF(COUNT(C43:D43)=1,"-->Verifique! Item QTDE ou PESO em branco","-") -> -
A44: Em condição inseguras | I44: =IF(COUNT(C44:D44)=1,"-->Verifique! Item QTDE ou PESO em branco","-") -> -
A45: Sub-total: | C45: =SUM(C42:C44) -> 0
A46: PADRÕES DE ORGANIZAÇÃO | C46: Qtd. | D46: Peso | E46: Comentário
A47: Local sujo/desorganizado | I47: =IF(COUNT(C47:D47)=1,"-->Verifique! Item QTDE ou PESO em branco","-") -> -
A48: Armazenamento inadequado | I48: =IF(COUNT(C48:D48)=1,"-->Verifique! Item QTDE ou PESO em branco","-") -> -
A49: Contaminação Ambiental | I49: =IF(COUNT(C49:D49)=1,"-->Verifique! Item QTDE ou PESO em branco","-") -> -
A50: Sub-total: | C50: =SUM(C47:C49) -> 0
A51: Resumo dos desvios
A52: Grau de Severidade | C52: Qtd Desvios por Severidade | F52: %
A53: 0.3 | C53: =SUMIF(D8:D16,0.3,C8:C16)+SUMIF(D19:D28,0.3,C19:C28)+SUMIF(D31:D34,0.3,C31:C34)+SUMIF(D37:D39,0.3,C37:C39)+SUMIF(D42:D44,0.3,C42:C44)+SUMIF(D47:D49,0.3,C47:C49) -> 0 | F53: =IF(C53>0,C53/$C$56,"-") -> -
A54: 1 | C54: =SUMIF(D8:D16,1,C8:C16)+SUMIF(D19:D28,1,C19:C28)+SUMIF(D31:D34,1,C31:C34)+SUMIF(D37:D39,1,C37:C39)+SUMIF(D42:D44,1,C42:C44)+SUMIF(D47:D49,1,C47:C49) -> 0 | F54: =IF(C54>0,C54/$C$56,"-") -> -
A55: 3 | C55: =SUMIF(D8:D16,3,C8:C16)+SUMIF(D19:D28,3,C19:C28)+SUMIF(D31:D34,3,C31:C34)+SUMIF(D37:D39,3,C37:C39)+SUMIF(D42:D44,3,C42:C44)+SUMIF(D47:D49,3,C47:C49) -> 0 | F55: =IF(C55>0,C55/$C$56,"-") -> -
A56: total | C56: =SUM(C53:E55) -> 0 | F56: =SUM(F53:H55) -> 0
A57: Resumo da auditoria
A58: Q= Total de desvios encontrados | F58: =C56 -> 0
A59: N= Total de Pessoas Observadas | F59: =H5 -> 0
A60: SD= ∑ Desvios Comportamentais x Severidade dos Desvios | F60: =(C53*A53)+(C54*A54)+(C55*A55) -> 0
A61: Nota Final IDS (%)
A62: IDS = 100 – (SD / N) * 100 | F62: =IF(F59>0,1-((F60/F59)),"-") -> -
A63: Pontos fortes
A69: Oportunidades de Melhorias
A76: NÃO APAGAR DESTA LINHA PARA BAIXO
A77: 0.3
A78: 1
A79: 3

Sheet seg (2)
A1: IDS - INDICADOR DE DESEMPENHO EM SEGURANÇA
A2: Local: | B2: ='seg (1)'!B2 -> CMPC | E2: Auditor Líder: | F2: ='seg (1)'!F2 -> HSE
A3: Contratada: | B3: ='seg (1)'!B3 -> 0 | E3: Auditor:
A4: Subcontratada: | B4: ='seg (1)'!B4 -> 0 | E4: Data:
A5: Acompanhante: | B5: ='seg (1)'!B5 -> 0 | E5: Hora: | G5: Nº de pessoas:
A6: GABARITO DE OBSERVAÇÃO
A7: USO DE EPI´S | C7: Qtd. | D7: Peso | E7: Comentário
A8: Capacete/Jugular | I8: =IF(COUNT(C8:D8)=1,"-->Verifique! Item QTDE ou PESO em branco","-") -> -
A9: Máscara Respiratória | I9: =IF(COUNT(C9:D9)=1,"-->Verifique! Item QTDE ou PESO em branco","-") -> -
A10: Óculos | I10: =IF(COUNT(C10:D10)=1,"-->Verifique! Item QTDE ou PESO em branco","-") -> -
A11: Protetor Facial | I11: =IF(COUNT(C11:D11)=1,"-->Verifique! Item QTDE ou PESO em branco","-") -> -
A12: Protetor Auricular | I12: =IF(COUNT(C12:D12)=1,"-->Verifique! Item QTDE ou PESO em branco","-") -> -
A13: Luvas | I13: =IF(COUNT(C13:D13)=1,"-->Verifique! Item QTDE ou PESO em branco","-") -> -
A14: Avental/jaleco | I14: =IF(COUNT(C14:D14)=1,"-->Verifique! Item QTDE ou PESO em branco","-") -> -
A15: Calçado de Segurança | I15: =IF(COUNT(C15:D15)=1,"-->Verifique! Item QTDE ou PESO em branco","-") -> -
A16: Cinto de Segurança | I16: =IF(COUNT(C16:D16)=1,"-->Verifique! Item QTDE ou PESO em branco","-") -> -
A17: Sub-total: | C17: =SUM(C8:C16) -> 0
A18: POSIÇÃO DAS PESSOAS | C18: Qtd. | D18: Peso | E18: Comentário
A19: Bater contra/Ser atingido por | I19: =IF(COUNT(C19:D19)=1,"-->Verifique! Item QTDE ou PESO em branco","-") -> -
A20: Ficar preso | I20: =IF(COUNT(C20:D20)=1,"-->Verifique! Item QTDE ou PESO em branco","-") -> -
A21: Risco de queda | I21: =IF(COUNT(C21:D21)=1,"-->Verifique! Item QTDE ou PESO em branco","-") -> -
A22: Risco de queimadura | I22: =IF(COUNT(C22:D22)=1,"-->Verifique! Item QTDE ou PESO em branco","-") -> -
A23: Risco de choque elétrico | I23: =IF(COUNT(C23:D23)=1,"-->Verifique! Item QTDE ou PESO em branco","-") -> -
A24: Inalar/Absorver contaminantes | I24: =IF(COUNT(C24:D24)=1,"-->Verifique! Item QTDE ou PESO em branco","-") -> -
A25: Trabalho Sobreposto | I25: =IF(COUNT(C25:D25)=1,"-->Verifique! Item QTDE ou PESO em branco","-") -> -
A26: Ingerir contaminantes | I26: =IF(COUNT(C26:D26)=1,"-->Verifique! Item QTDE ou PESO em branco","-") -> -
A27: Postura inadequada | I27: =IF(COUNT(C27:D27)=1,"-->Verifique! Item QTDE ou PESO em branco","-") -> -
A28: Esforço inadequado | I28: =IF(COUNT(C28:D28)=1,"-->Verifique! Item QTDE ou PESO em branco","-") -> -
A29: Sub-total: | C29: =SUM(C19:C28) -> 0
A30: AÇÃO QUANDO OBSERVADO | C30: Qtd. | D30: Peso | E30: Comentário
A31: Mudança de posição | I31: =IF(COUNT(C31:D31)=1,"-->Verifique! Item QTDE ou PESO em branco","-") -> -
A32: Paraliza a atividade | I32: =IF(COUNT(C32:D32)=1,"-->Verifique! Item QTDE ou PESO em branco","-") -> -
A33: Ajusta o EPI | I33: =IF(COUNT(C33:D33)=1,"-->Verifique! Item QTDE ou PESO em branco","-") -> -
A34: Adequa o serviço | I34: =IF(COUNT(C34:D34)=1,"-->Verifique! Item QTDE ou PESO em branco","-") -> -
A35: Sub-total: | C35: =SUM(C31:C34) -> 0
A36: PROCEDIMENTOS | C36: Qtd. | D36: Peso | E36: Comentário
A37: Inadequados | I37: =IF(COUNT(C37:D37)=1,"-->Verifique! Item QTDE ou PESO em branco","-") -> -
A38: Não existem procedimentos escritos | I38: =IF(COUNT(C38:D38)=1,"-->Verifique! Item QTDE ou PESO em branco","-") -> -
A39: Adequados e não são seguidos | I39: =IF(COUNT(C39:D39)=1,"-->Verifique! Item QTDE ou PESO em branco","-") -> -
A40: Sub-total: | C40: =SUM(C37:C39) -> 0
A41: FERRAMENTAS E EQUIPAMENTOS | C41: Qtd. | D41: Peso | E41: Comentário
A42: Impróprio para o serviço | I42: =IF(COUNT(C42:D42)=1,"-->Verifique! Item QTDE ou PESO em branco","-") -> -
A43: Usados incorretamente | I43: =IF(COUNT(C43:D43)=1,"-->Verifique! Item QTDE ou PESO em branco","-") -> -
A44: Em condição inseguras | I44: =IF(COUNT(C44:D44)=1,"-->Verifique! Item QTDE ou PESO em branco","-") -> -
A45: Sub-total: | C45: =SUM(C42:C44) -> 0
A46: PADRÕES DE ORGANIZAÇÃO | C46: Qtd. | D46: Peso | E46: Comentário
A47: Local sujo/desorganizado | I47: =IF(COUNT(C47:D47)=1,"-->Verifique! Item QTDE ou PESO em branco","-") -> -
A48: Armazenamento inadequado | I48: =IF(COUNT(C48:D48)=1,"-->Verifique! Item QTDE ou PESO em branco","-") -> -
A49: Contaminação Ambiental | I49: =IF(COUNT(C49:D49)=1,"-->Verifique! Item QTDE ou PESO em branco","-") -> -
A50: Sub-total: | C50: =SUM(C47:C49) -> 0
A51: Resumo dos desvios
A52: Grau de Severidade | C52: Qtd Desvios por Severidade | F52: %
A53: 0.3 | C53: =SUMIF(D8:D16,0.3,C8:C16)+SUMIF(D19:D28,0.3,C19:C28)+SUMIF(D31:D34,0.3,C31:C34)+SUMIF(D37:D39,0.3,C37:C39)+SUMIF(D42:D44,0.3,C42:C44)+SUMIF(D47:D49,0.3,C47:C49) -> 0 | F53: =IF(C53>0,C53/$C$56,"-") -> -
A54: 1 | C54: =SUMIF(D8:D16,1,C8:C16)+SUMIF(D19:D28,1,C19:C28)+SUMIF(D31:D34,1,C31:C34)+SUMIF(D37:D39,1,C37:C39)+SUMIF(D42:D44,1,C42:C44)+SUMIF(D47:D49,1,C47:C49) -> 0 | F54: =IF(C54>0,C54/$C$56,"-") -> -
A55: 3 | C55: =SUMIF(D8:D16,3,C8:C16)+SUMIF(D19:D28,3,C19:C28)+SUMIF(D31:D34,3,C31:C34)+SUMIF(D37:D39,3,C37:C39)+SUMIF(D42:D44,3,C42:C44)+SUMIF(D47:D49,3,C47:C49) -> 0 | F55: =IF(C55>0,C55/$C$56,"-") -> -
A56: total | C56: =SUM(C53:E55) -> 0 | F56: =SUM(F53:H55) -> 0
A57: Resumo da auditoria
A58: Q= Total de desvios encontrados | F58: =C56 -> 0
A59: N= Total de Pessoas Observadas | F59: =H5 -> 0
A60: SD= ∑ Desvios Comportamentais x Severidade dos Desvios | F60: =(C53*A53)+(C54*A54)+(C55*A55) -> 0
A61: Nota Final IDS (%)
A62: IDS = 100 – (SD / N) * 100 | F62: =IF(F59>0,1-((F60/F59)),"-") -> -
A63: Pontos fortes
A69: Oportunidades de Melhorias
A76: NÃO APAGAR DESTA LINHA PARA BAIXO
A77: 0.3
A78: 1
A79: 3

Sheet ter (2)
A1: IDS - INDICADOR DE DESEMPENHO EM SEGURANÇA
A2: Local: | B2: ='seg (1)'!B2 -> CMPC | E2: Auditor Líder: | F2: ='seg (1)'!F2 -> HSE
A3: Contratada: | B3: ='seg (1)'!B3 -> 0 | E3: Auditor:
A4: Subcontratada: | B4: ='seg (1)'!B4 -> 0 | E4: Data:
A5: Acompanhante: | B5: ='seg (1)'!B5 -> 0 | E5: Hora: | G5: Nº de pessoas:
A6: GABARITO DE OBSERVAÇÃO
A7: USO DE EPI´S | C7: Qtd. | D7: Peso | E7: Comentário
A8: Capacete/Jugular | I8: =IF(COUNT(C8:D8)=1,"-->Verifique! Item QTDE ou PESO em branco","-") -> -
A9: Máscara Respiratória | I9: =IF(COUNT(C9:D9)=1,"-->Verifique! Item QTDE ou PESO em branco","-") -> -
A10: Óculos | I10: =IF(COUNT(C10:D10)=1,"-->Verifique! Item QTDE ou PESO em branco","-") -> -
A11: Protetor Facial | I11: =IF(COUNT(C11:D11)=1,"-->Verifique! Item QTDE ou PESO em branco","-") -> -
A12: Protetor Auricular | I12: =IF(COUNT(C12:D12)=1,"-->Verifique! Item QTDE ou PESO em branco","-") -> -
A13: Luvas | I13: =IF(COUNT(C13:D13)=1,"-->Verifique! Item QTDE ou PESO em branco","-") -> -
A14: Avental/jaleco | I14: =IF(COUNT(C14:D14)=1,"-->Verifique! Item QTDE ou PESO em branco","-") -> -
A15: Calçado de Segurança | I15: =IF(COUNT(C15:D15)=1,"-->Verifique! Item QTDE ou PESO em branco","-") -> -
A16: Cinto de Segurança | I16: =IF(COUNT(C16:D16)=1,"-->Verifique! Item QTDE ou PESO em branco","-") -> -
A17: Sub-total: | C17: =SUM(C8:C16) -> 0
A18: POSIÇÃO DAS PESSOAS | C18: Qtd. | D18: Peso | E18: Comentário
A19: Bater contra/Ser atingido por | I19: =IF(COUNT(C19:D19)=1,"-->Verifique! Item QTDE ou PESO em branco","-") -> -
A20: Ficar preso | I20: =IF(COUNT(C20:D20)=1,"-->Verifique! Item QTDE ou PESO em branco","-") -> -
A21: Risco de queda | I21: =IF(COUNT(C21:D21)=1,"-->Verifique! Item QTDE ou PESO em branco","-") -> -
A22: Risco de queimadura | I22: =IF(COUNT(C22:D22)=1,"-->Verifique! Item QTDE ou PESO em branco","-") -> -
A23: Risco de choque elétrico | I23: =IF(COUNT(C23:D23)=1,"-->Verifique! Item QTDE ou PESO em branco","-") -> -
A24: Inalar/Absorver contaminantes | I24: =IF(COUNT(C24:D24)=1,"-->Verifique! Item QTDE ou PESO em branco","-") -> -
A25: Trabalho Sobreposto | I25: =IF(COUNT(C25:D25)=1,"-->Verifique! Item QTDE ou PESO em branco","-") -> -
A26: Ingerir contaminantes | I26: =IF(COUNT(C26:D26)=1,"-->Verifique! Item QTDE ou PESO em branco","-") -> -
A27: Postura inadequada | I27: =IF(COUNT(C27:D27)=1,"-->Verifique! Item QTDE ou PESO em branco","-") -> -
A28: Esforço inadequado | I28: =IF(COUNT(C28:D28)=1,"-->Verifique! Item QTDE ou PESO em branco","-") -> -
A29: Sub-total: | C29: =SUM(C19:C28) -> 0
A30: AÇÃO QUANDO OBSERVADO | C30: Qtd. | D30: Peso | E30: Comentário
A31: Mudança de posição | I31: =IF(COUNT(C31:D31)=1,"-->Verifique! Item QTDE ou PESO em branco","-") -> -
A32: Paraliza a atividade | I32: =IF(COUNT(C32:D32)=1,"-->Verifique! Item QTDE ou PESO em branco","-") -> -
A33: Ajusta o EPI | I33: =IF(COUNT(C33:D33)=1,"-->Verifique! Item QTDE ou PESO em branco","-") -> -
A34: Adequa o serviço | I34: =IF(COUNT(C34:D34)=1,"-->Verifique! Item QTDE ou PESO em branco","-") -> -
A35: Sub-total: | C35: =SUM(C31:C34) -> 0
A36: PROCEDIMENTOS | C36: Qtd. | D36: Peso | E36: Comentário
A37: Inadequados | I37: =IF(COUNT(C37:D37)=1,"-->Verifique! Item QTDE ou PESO em branco","-") -> -
A38: Não existem procedimentos escritos | I38: =IF(COUNT(C38:D38)=1,"-->Verifique! Item QTDE ou PESO em branco","-") -> -
A39: Adequados e não são seguidos | I39: =IF(COUNT(C39:D39)=1,"-->Verifique! Item QTDE ou PESO em branco","-") -> -
A40: Sub-total: | C40: =SUM(C37:C39) -> 0
A41: FERRAMENTAS E EQUIPAMENTOS | C41: Qtd. | D41: Peso | E41: Comentário
A42: Impróprio para o serviço | I42: =IF(COUNT(C42:D42)=1,"-->Verifique! Item QTDE ou PESO em branco","-") -> -
A43: Usados incorretamente | I43: =IF(COUNT(C43:D43)=1,"-->Verifique! Item QTDE ou PESO em branco","-") -> -
A44: Em condição inseguras | I44: =IF(COUNT(C44:D44)=1,"-->Verifique! Item QTDE ou PESO em branco","-") -> -
A45: Sub-total: | C45: =SUM(C42:C44) -> 0
A46: PADRÕES DE ORGANIZAÇÃO | C46: Qtd. | D46: Peso | E46: Comentário
A47: Local sujo/desorganizado | I47: =IF(COUNT(C47:D47)=1,"-->Verifique! Item QTDE ou PESO em branco","-") -> -
A48: Armazenamento inadequado | I48: =IF(COUNT(C48:D48)=1,"-->Verifique! Item QTDE ou PESO em branco","-") -> -
A49: Contaminação Ambiental | I49: =IF(COUNT(C49:D49)=1,"-->Verifique! Item QTDE ou PESO em branco","-") -> -
A50: Sub-total: | C50: =SUM(C47:C49) -> 0
A51: Resumo dos desvios
A52: Grau de Severidade | C52: Qtd Desvios por Severidade | F52: %
A53: 0.3 | C53: =SUMIF(D8:D16,0.3,C8:C16)+SUMIF(D19:D28,0.3,C19:C28)+SUMIF(D31:D34,0.3,C31:C34)+SUMIF(D37:D39,0.3,C37:C39)+SUMIF(D42:D44,0.3,C42:C44)+SUMIF(D47:D49,0.3,C47:C49) -> 0 | F53: =IF(C53>0,C53/$C$56,"-") -> -
A54: 1 | C54: =SUMIF(D8:D16,1,C8:C16)+SUMIF(D19:D28,1,C19:C28)+SUMIF(D31:D34,1,C31:C34)+SUMIF(D37:D39,1,C37:C39)+SUMIF(D42:D44,1,C42:C44)+SUMIF(D47:D49,1,C47:C49) -> 0 | F54: =IF(C54>0,C54/$C$56,"-") -> -
A55: 3 | C55: =SUMIF(D8:D16,3,C8:C16)+SUMIF(D19:D28,3,C19:C28)+SUMIF(D31:D34,3,C31:C34)+SUMIF(D37:D39,3,C37:C39)+SUMIF(D42:D44,3,C42:C44)+SUMIF(D47:D49,3,C47:C49) -> 0 | F55: =IF(C55>0,C55/$C$56,"-") -> -
A56: total | C56: =SUM(C53:E55) -> 0 | F56: =SUM(F53:H55) -> 0
A57: Resumo da auditoria
A58: Q= Total de desvios encontrados | F58: =C56 -> 0
A59: N= Total de Pessoas Observadas | F59: =H5 -> 0
A60: SD= ∑ Desvios Comportamentais x Severidade dos Desvios | F60: =(C53*A53)+(C54*A54)+(C55*A55) -> 0
A61: Nota Final IDS (%)
A62: IDS = 100 – (SD / N) * 100 | F62: =IF(F59>0,1-((F60/F59)),"-") -> -
A63: Pontos fortes
A69: Oportunidades de Melhorias
A76: NÃO APAGAR DESTA LINHA PARA BAIXO
A77: 0.3
A78: 1
A79: 3

Sheet qua (2)
A1: IDS - INDICADOR DE DESEMPENHO EM SEGURANÇA
A2: Local: | B2: ='seg (1)'!B2 -> CMPC | E2: Auditor Líder: | F2: ='seg (1)'!F2 -> HSE
A3: Contratada: | B3: ='seg (1)'!B3 -> 0 | E3: Auditor:
A4: Subcontratada: | B4: ='seg (1)'!B4 -> 0 | E4: Data:
A5: Acompanhante: | B5: ='seg (1)'!B5 -> 0 | E5: Hora: | G5: Nº de pessoas:
A6: GABARITO DE OBSERVAÇÃO
A7: USO DE EPI´S | C7: Qtd. | D7: Peso | E7: Comentário
A8: Capacete/Jugular | I8: =IF(COUNT(C8:D8)=1,"-->Verifique! Item QTDE ou PESO em branco","-") -> -
A9: Máscara Respiratória | I9: =IF(COUNT(C9:D9)=1,"-->Verifique! Item QTDE ou PESO em branco","-") -> -
A10: Óculos | I10: =IF(COUNT(C10:D10)=1,"-->Verifique! Item QTDE ou PESO em branco","-") -> -
A11: Protetor Facial | I11: =IF(COUNT(C11:D11)=1,"-->Verifique! Item QTDE ou PESO em branco","-") -> -
A12: Protetor Auricular | I12: =IF(COUNT(C12:D12)=1,"-->Verifique! Item QTDE ou PESO em branco","-") -> -
A13: Luvas | I13: =IF(COUNT(C13:D13)=1,"-->Verifique! Item QTDE ou PESO em branco","-") -> -
A14: Avental/jaleco | I14: =IF(COUNT(C14:D14)=1,"-->Verifique! Item QTDE ou PESO em branco","-") -> -
A15: Calçado de Segurança | I15: =IF(COUNT(C15:D15)=1,"-->Verifique! Item QTDE ou PESO em branco","-") -> -
A16: Cinto de Segurança | I16: =IF(COUNT(C16:D16)=1,"-->Verifique! Item QTDE ou PESO em branco","-") -> -
A17: Sub-total: | C17: =SUM(C8:C16) -> 0
A18: POSIÇÃO DAS PESSOAS | C18: Qtd. | D18: Peso | E18: Comentário
A19: Bater contra/Ser atingido por | I19: =IF(COUNT(C19:D19)=1,"-->Verifique! Item QTDE ou PESO em branco","-") -> -
A20: Ficar preso | I20: =IF(COUNT(C20:D20)=1,"-->Verifique! Item QTDE ou PESO em branco","-") -> -
A21: Risco de queda | I21: =IF(COUNT(C21:D21)=1,"-->Verifique! Item QTDE ou PESO em branco","-") -> -
A22: Risco de queimadura | I22: =IF(COUNT(C22:D22)=1,"-->Verifique! Item QTDE ou PESO em branco","-") -> -
A23: Risco de choque elétrico | I23: =IF(COUNT(C23:D23)=1,"-->Verifique! Item QTDE ou PESO em branco","-") -> -
A24: Inalar/Absorver contaminantes | I24: =IF(COUNT(C24:D24)=1,"-->Verifique! Item QTDE ou PESO em branco","-") -> -
A25: Trabalho Sobreposto | I25: =IF(COUNT(C25:D25)=1,"-->Verifique! Item QTDE ou PESO em branco","-") -> -
A26: Ingerir contaminantes | I26: =IF(COUNT(C26:D26)=1,"-->Verifique! Item QTDE ou PESO em branco","-") -> -
A27: Postura inadequada | I27: =IF(COUNT(C27:D27)=1,"-->Verifique! Item QTDE ou PESO em branco","-") -> -
A28: Esforço inadequado | I28: =IF(COUNT(C28:D28)=1,"-->Verifique! Item QTDE ou PESO em branco","-") -> -
A29: Sub-total: | C29: =SUM(C19:C28) -> 0
A30: AÇÃO QUANDO OBSERVADO | C30: Qtd. | D30: Peso | E30: Comentário
A31: Mudança de posição | I31: =IF(COUNT(C31:D31)=1,"-->Verifique! Item QTDE ou PESO em branco","-") -> -
A32: Paraliza a atividade | I32: =IF(COUNT(C32:D32)=1,"-->Verifique! Item QTDE ou PESO em branco","-") -> -
A33: Ajusta o EPI | I33: =IF(COUNT(C33:D33)=1,"-->Verifique! Item QTDE ou PESO em branco","-") -> -
A34: Adequa o serviço | I34: =IF(COUNT(C34:D34)=1,"-->Verifique! Item QTDE ou PESO em branco","-") -> -
A35: Sub-total: | C35: =SUM(C31:C34) -> 0
A36: PROCEDIMENTOS | C36: Qtd. | D36: Peso | E36: Comentário
A37: Inadequados | I37: =IF(COUNT(C37:D37)=1,"-->Verifique! Item QTDE ou PESO em branco","-") -> -
A38: Não existem procedimentos escritos | I38: =IF(COUNT(C38:D38)=1,"-->Verifique! Item QTDE ou PESO em branco","-") -> -
A39: Adequados e não são seguidos | I39: =IF(COUNT(C39:D39)=1,"-->Verifique! Item QTDE ou PESO em branco","-") -> -
A40: Sub-total: | C40: =SUM(C37:C39) -> 0
A41: FERRAMENTAS E EQUIPAMENTOS | C41: Qtd. | D41: Peso | E41: Comentário
A42: Impróprio para o serviço | I42: =IF(COUNT(C42:D42)=1,"-->Verifique! Item QTDE ou PESO em branco","-") -> -
A43: Usados incorretamente | I43: =IF(COUNT(C43:D43)=1,"-->Verifique! Item QTDE ou PESO em branco","-") -> -
A44: Em condição inseguras | I44: =IF(COUNT(C44:D44)=1,"-->Verifique! Item QTDE ou PESO em branco","-") -> -
A45: Sub-total: | C45: =SUM(C42:C44) -> 0
A46: PADRÕES DE ORGANIZAÇÃO | C46: Qtd. | D46: Peso | E46: Comentário
A47: Local sujo/desorganizado | I47: =IF(COUNT(C47:D47)=1,"-->Verifique! Item QTDE ou PESO em branco","-") -> -
A48: Armazenamento inadequado | I48: =IF(COUNT(C48:D48)=1,"-->Verifique! Item QTDE ou PESO em branco","-") -> -
A49: Contaminação Ambiental | I49: =IF(COUNT(C49:D49)=1,"-->Verifique! Item QTDE ou PESO em branco","-") -> -
A50: Sub-total: | C50: =SUM(C47:C49) -> 0
A51: Resumo dos desvios
A52: Grau de Severidade | C52: Qtd Desvios por Severidade | F52: %
A53: 0.3 | C53: =SUMIF(D8:D16,0.3,C8:C16)+SUMIF(D19:D28,0.3,C19:C28)+SUMIF(D31:D34,0.3,C31:C34)+SUMIF(D37:D39,0.3,C37:C39)+SUMIF(D42:D44,0.3,C42:C44)+SUMIF(D47:D49,0.3,C47:C49) -> 0 | F53: =IF(C53>0,C53/$C$56,"-") -> -
A54: 1 | C54: =SUMIF(D8:D16,1,C8:C16)+SUMIF(D19:D28,1,C19:C28)+SUMIF(D31:D34,1,C31:C34)+SUMIF(D37:D39,1,C37:C39)+SUMIF(D42:D44,1,C42:C44)+SUMIF(D47:D49,1,C47:C49) -> 0 | F54: =IF(C54>0,C54/$C$56,"-") -> -
A55: 3 | C55: =SUMIF(D8:D16,3,C8:C16)+SUMIF(D19:D28,3,C19:C28)+SUMIF(D31:D34,3,C31:C34)+SUMIF(D37:D39,3,C37:C39)+SUMIF(D42:D44,3,C42:C44)+SUMIF(D47:D49,3,C47:C49) -> 0 | F55: =IF(C55>0,C55/$C$56,"-") -> -
A56: total | C56: =SUM(C53:E55) -> 0 | F56: =SUM(F53:H55) -> 0
A57: Resumo da auditoria
A58: Q= Total de desvios encontrados | F58: =C56 -> 0
A59: N= Total de Pessoas Observadas | F59: =H5 -> 0
A60: SD= ∑ Desvios Comportamentais x Severidade dos Desvios | F60: =(C53*A53)+(C54*A54)+(C55*A55) -> 0
A61: Nota Final IDS (%)
A62: IDS = 100 – (SD / N) * 100 | F62: =IF(F59>0,1-((F60/F59)),"-") -> -
A63: Pontos fortes
A69: Oportunidades de Melhorias
A76: NÃO APAGAR DESTA LINHA PARA BAIXO
A77: 0.3
A78: 1
A79: 3

Sheet qui (2)
A1: IDS - INDICADOR DE DESEMPENHO EM SEGURANÇA
A2: Local: | B2: CMPC | E2: Auditor Líder:
A3: Contratada: | E3: Auditor:
A4: Subcontratada: | E4: Data:
A5: Acompanhante: | E5: Hora: | G5: Nº de pessoas:
A6: GABARITO DE OBSERVAÇÃO
A7: USO DE EPI´S | C7: Qtd. | D7: Peso | E7: Comentário
A8: Capacete/Jugular | I8: =IF(COUNT(C8:D8)=1,"-->Verifique! Item QTDE ou PESO em branco","-") -> -
A9: Máscara Respiratória | I9: =IF(COUNT(C9:D9)=1,"-->Verifique! Item QTDE ou PESO em branco","-") -> -
A10: Óculos | I10: =IF(COUNT(C10:D10)=1,"-->Verifique! Item QTDE ou PESO em branco","-") -> -
A11: Protetor Facial | I11: =IF(COUNT(C11:D11)=1,"-->Verifique! Item QTDE ou PESO em branco","-") -> -
A12: Protetor Auricular | I12: =IF(COUNT(C12:D12)=1,"-->Verifique! Item QTDE ou PESO em branco","-") -> -
A13: Luvas | I13: =IF(COUNT(C13:D13)=1,"-->Verifique! Item QTDE ou PESO em branco","-") -> -
A14: Avental/jaleco | I14: =IF(COUNT(C14:D14)=1,"-->Verifique! Item QTDE ou PESO em branco","-") -> -
A15: Calçado de Segurança | I15: =IF(COUNT(C15:D15)=1,"-->Verifique! Item QTDE ou PESO em branco","-") -> -
A16: Cinto de Segurança | I16: =IF(COUNT(C16:D16)=1,"-->Verifique! Item QTDE ou PESO em branco","-") -> -
A17: Sub-total: | C17: =SUM(C8:C16) -> 0
A18: POSIÇÃO DAS PESSOAS | C18: Qtd. | D18: Peso | E18: Comentário
A19: Bater contra/Ser atingido por | I19: =IF(COUNT(C19:D19)=1,"-->Verifique! Item QTDE ou PESO em branco","-") -> -
A20: Ficar preso | I20: =IF(COUNT(C20:D20)=1,"-->Verifique! Item QTDE ou PESO em branco","-") -> -
A21: Risco de queda | I21: =IF(COUNT(C21:D21)=1,"-->Verifique! Item QTDE ou PESO em branco","-") -> -
A22: Risco de queimadura | I22: =IF(COUNT(C22:D22)=1,"-->Verifique! Item QTDE ou PESO em branco","-") -> -
A23: Risco de choque elétrico | I23: =IF(COUNT(C23:D23)=1,"-->Verifique! Item QTDE ou PESO em branco","-") -> -
A24: Inalar/Absorver contaminantes | I24: =IF(COUNT(C24:D24)=1,"-->Verifique! Item QTDE ou PESO em branco","-") -> -
A25: Trabalho Sobreposto | I25: =IF(COUNT(C25:D25)=1,"-->Verifique! Item QTDE ou PESO em branco","-") -> -
A26: Ingerir contaminantes | I26: =IF(COUNT(C26:D26)=1,"-->Verifique! Item QTDE ou PESO em branco","-") -> -
A27: Postura inadequada | I27: =IF(COUNT(C27:D27)=1,"-->Verifique! Item QTDE ou PESO em branco","-") -> -
A28: Esforço inadequado | I28: =IF(COUNT(C28:D28)=1,"-->Verifique! Item QTDE ou PESO em branco","-") -> -
A29: Sub-total: | C29: =SUM(C19:C28) -> 0
A30: AÇÃO QUANDO OBSERVADO | C30: Qtd. | D30: Peso | E30: Comentário
A31: Mudança de posição | I31: =IF(COUNT(C31:D31)=1,"-->Verifique! Item QTDE ou PESO em branco","-") -> -
A32: Paraliza a atividade | I32: =IF(COUNT(C32:D32)=1,"-->Verifique! Item QTDE ou PESO em branco","-") -> -
A33: Ajusta o EPI | I33: =IF(COUNT(C33:D33)=1,"-->Verifique! Item QTDE ou PESO em branco","-") -> -
A34: Adequa o serviço | I34: =IF(COUNT(C34:D34)=1,"-->Verifique! Item QTDE ou PESO em branco","-") -> -
A35: Sub-total: | C35: =SUM(C31:C34) -> 0
A36: PROCEDIMENTOS | C36: Qtd. | D36: Peso | E36: Comentário
A37: Inadequados | I37: =IF(COUNT(C37:D37)=1,"-->Verifique! Item QTDE ou PESO em branco","-") -> -
A38: Não existem procedimentos escritos | I38: =IF(COUNT(C38:D38)=1,"-->Verifique! Item QTDE ou PESO em branco","-") -> -
A39: Adequados e não são seguidos | I39: =IF(COUNT(C39:D39)=1,"-->Verifique! Item QTDE ou PESO em branco","-") -> -
A40: Sub-total: | C40: =SUM(C37:C39) -> 0
A41: FERRAMENTAS E EQUIPAMENTOS | C41: Qtd. | D41: Peso | E41: Comentário
A42: Impróprio para o serviço | I42: =IF(COUNT(C42:D42)=1,"-->Verifique! Item QTDE ou PESO em branco","-") -> -
A43: Usados incorretamente | I43: =IF(COUNT(C43:D43)=1,"-->Verifique! Item QTDE ou PESO em branco","-") -> -
A44: Em condição inseguras | I44: =IF(COUNT(C44:D44)=1,"-->Verifique! Item QTDE ou PESO em branco","-") -> -
A45: Sub-total: | C45: =SUM(C42:C44) -> 0
A46: PADRÕES DE ORGANIZAÇÃO | C46: Qtd. | D46: Peso | E46: Comentário
A47: Local sujo/desorganizado | I47: =IF(COUNT(C47:D47)=1,"-->Verifique! Item QTDE ou PESO em branco","-") -> -
A48: Armazenamento inadequado | I48: =IF(COUNT(C48:D48)=1,"-->Verifique! Item QTDE ou PESO em branco","-") -> -
A49: Contaminação Ambiental | I49: =IF(COUNT(C49:D49)=1,"-->Verifique! Item QTDE ou PESO em branco","-") -> -
A50: Sub-total: | C50: =SUM(C47:C49) -> 0
A51: Resumo dos desvios
A52: Grau de Severidade | C52: Qtd Desvios por Severidade | F52: %
A53: 0.3 | C53: =SUMIF(D8:D16,0.3,C8:C16)+SUMIF(D19:D28,0.3,C19:C28)+SUMIF(D31:D34,0.3,C31:C34)+SUMIF(D37:D39,0.3,C37:C39)+SUMIF(D42:D44,0.3,C42:C44)+SUMIF(D47:D49,0.3,C47:C49) -> 0 | F53: =IF(C53>0,C53/$C$56,"-") -> -
A54: 1 | C54: =SUMIF(D8:D16,1,C8:C16)+SUMIF(D19:D28,1,C19:C28)+SUMIF(D31:D34,1,C31:C34)+SUMIF(D37:D39,1,C37:C39)+SUMIF(D42:D44,1,C42:C44)+SUMIF(D47:D49,1,C47:C49) -> 0 | F54: =IF(C54>0,C54/$C$56,"-") -> -
A55: 3 | C55: =SUMIF(D8:D16,3,C8:C16)+SUMIF(D19:D28,3,C19:C28)+SUMIF(D31:D34,3,C31:C34)+SUMIF(D37:D39,3,C37:C39)+SUMIF(D42:D44,3,C42:C44)+SUMIF(D47:D49,3,C47:C49) -> 0 | F55: =IF(C55>0,C55/$C$56,"-") -> -
A56: total | F56: =SUM(F53:H55) -> 0
A57: Resumo da auditoria
A58: Q= Total de desvios encontrados | F58: =C56 -> 0
A59: N= Total de Pessoas Observadas | F59: =H5 -> 0
A60: SD= ∑ Desvios Comportamentais x Severidade dos Desvios | F60: =(C53*A53)+(C54*A54)+(C55*A55) -> 0
A61: Nota Final IDS (%)
A62: IDS = 100 – (SD / N) * 100 | F62: =IF(F59>0,1-((F60/F59)),"-") -> -
A63: Pontos fortes
A69: Oportunidades de Melhorias
A76: NÃO APAGAR DESTA LINHA PARA BAIXO
A77: 0.3
A78: 1
A79: 3

Sheet sex (2)
A1: IDS - INDICADOR DE DESEMPENHO EM SEGURANÇA
A2: Local: | B2: CMPC | E2: Auditor Líder:
A3: Contratada: | E3: Auditor:
A4: Subcontratada: | E4: Data:
A5: Acompanhante: | E5: Hora: | G5: Nº de pessoas:
A6: GABARITO DE OBSERVAÇÃO
A7: USO DE EPI´S | C7: Qtd. | D7: Peso | E7: Comentário
A8: Capacete/Jugular | I8: =IF(COUNT(C8:D8)=1,"-->Verifique! Item QTDE ou PESO em branco","-") -> -
A9: Máscara Respiratória | I9: =IF(COUNT(C9:D9)=1,"-->Verifique! Item QTDE ou PESO em branco","-") -> -
A10: Óculos | I10: =IF(COUNT(C10:D10)=1,"-->Verifique! Item QTDE ou PESO em branco","-") -> -
A11: Protetor Facial | I11: =IF(COUNT(C11:D11)=1,"-->Verifique! Item QTDE ou PESO em branco","-") -> -
A12: Protetor Auricular | I12: =IF(COUNT(C12:D12)=1,"-->Verifique! Item QTDE ou PESO em branco","-") -> -
A13: Luvas | I13: =IF(COUNT(C13:D13)=1,"-->Verifique! Item QTDE ou PESO em branco","-") -> -
A14: Avental/jaleco | I14: =IF(COUNT(C14:D14)=1,"-->Verifique! Item QTDE ou PESO em branco","-") -> -
A15: Calçado de Segurança | I15: =IF(COUNT(C15:D15)=1,"-->Verifique! Item QTDE ou PESO em branco","-") -> -
A16: Cinto de Segurança | I16: =IF(COUNT(C16:D16)=1,"-->Verifique! Item QTDE ou PESO em branco","-") -> -
A17: Sub-total: | C17: =SUM(C8:C16) -> 0
A18: POSIÇÃO DAS PESSOAS | C18: Qtd. | D18: Peso | E18: Comentário
A19: Bater contra/Ser atingido por | I19: =IF(COUNT(C19:D19)=1,"-->Verifique! Item QTDE ou PESO em branco","-") -> -
A20: Ficar preso | I20: =IF(COUNT(C20:D20)=1,"-->Verifique! Item QTDE ou PESO em branco","-") -> -
A21: Risco de queda | I21: =IF(COUNT(C21:D21)=1,"-->Verifique! Item QTDE ou PESO em branco","-") -> -
A22: Risco de queimadura | I22: =IF(COUNT(C22:D22)=1,"-->Verifique! Item QTDE ou PESO em branco","-") -> -
A23: Risco de choque elétrico | I23: =IF(COUNT(C23:D23)=1,"-->Verifique! Item QTDE ou PESO em branco","-") -> -
A24: Inalar/Absorver contaminantes | I24: =IF(COUNT(C24:D24)=1,"-->Verifique! Item QTDE ou PESO em branco","-") -> -
A25: Trabalho Sobreposto | I25: =IF(COUNT(C25:D25)=1,"-->Verifique! Item QTDE ou PESO em branco","-") -> -
A26: Ingerir contaminantes | I26: =IF(COUNT(C26:D26)=1,"-->Verifique! Item QTDE ou PESO em branco","-") -> -
A27: Postura inadequada | I27: =IF(COUNT(C27:D27)=1,"-->Verifique! Item QTDE ou PESO em branco","-") -> -
A28: Esforço inadequado | I28: =IF(COUNT(C28:D28)=1,"-->Verifique! Item QTDE ou PESO em branco","-") -> -
A29: Sub-total: | C29: =SUM(C19:C28) -> 0
A30: AÇÃO QUANDO OBSERVADO | C30: Qtd. | D30: Peso | E30: Comentário
A31: Mudança de posição | I31: =IF(COUNT(C31:D31)=1,"-->Verifique! Item QTDE ou PESO em branco","-") -> -
A32: Paraliza a atividade | I32: =IF(COUNT(C32:D32)=1,"-->Verifique! Item QTDE ou PESO em branco","-") -> -
A33: Ajusta o EPI | I33: =IF(COUNT(C33:D33)=1,"-->Verifique! Item QTDE ou PESO em branco","-") -> -
A34: Adequa o serviço | I34: =IF(COUNT(C34:D34)=1,"-->Verifique! Item QTDE ou PESO em branco","-") -> -
A35: Sub-total: | C35: =SUM(C31:C34) -> 0
A36: PROCEDIMENTOS | C36: Qtd. | D36: Peso | E36: Comentário
A37: Inadequados | I37: =IF(COUNT(C37:D37)=1,"-->Verifique! Item QTDE ou PESO em branco","-") -> -
A38: Não existem procedimentos escritos | I38: =IF(COUNT(C38:D38)=1,"-->Verifique! Item QTDE ou PESO em branco","-") -> -
A39: Adequados e não são seguidos | I39: =IF(COUNT(C39:D39)=1,"-->Verifique! Item QTDE ou PESO em branco","-") -> -
A40: Sub-total: | C40: =SUM(C37:C39) -> 0
A41: FERRAMENTAS E EQUIPAMENTOS | C41: Qtd. | D41: Peso | E41: Comentário
A42: Impróprio para o serviço | I42: =IF(COUNT(C42:D42)=1,"-->Verifique! Item QTDE ou PESO em branco","-") -> -
A43: Usados incorretamente | I43: =IF(COUNT(C43:D43)=1,"-->Verifique! Item QTDE ou PESO em branco","-") -> -
A44: Em condição inseguras | I44: =IF(COUNT(C44:D44)=1,"-->Verifique! Item QTDE ou PESO em branco","-") -> -
A45: Sub-total: | C45: =SUM(C42:C44) -> 0
A46: PADRÕES DE ORGANIZAÇÃO | C46: Qtd. | D46: Peso | E46: Comentário
A47: Local sujo/desorganizado | I47: =IF(COUNT(C47:D47)=1,"-->Verifique! Item QTDE ou PESO em branco","-") -> -
A48: Armazenamento inadequado | I48: =IF(COUNT(C48:D48)=1,"-->Verifique! Item QTDE ou PESO em branco","-") -> -
A49: Contaminação Ambiental | I49: =IF(COUNT(C49:D49)=1,"-->Verifique! Item QTDE ou PESO em branco","-") -> -
A50: Sub-total: | C50: =SUM(C47:C49) -> 0
A51: Resumo dos desvios
A52: Grau de Severidade | C52: Qtd Desvios por Severidade | F52: %
A53: 0.3 | C53: =SUMIF(D8:D16,0.3,C8:C16)+SUMIF(D19:D28,0.3,C19:C28)+SUMIF(D31:D34,0.3,C31:C34)+SUMIF(D37:D39,0.3,C37:C39)+SUMIF(D42:D44,0.3,C42:C44)+SUMIF(D47:D49,0.3,C47:C49) -> 0 | F53: =IF(C53>0,C53/$C$56,"-") -> -
A54: 1 | C54: =SUMIF(D8:D16,1,C8:C16)+SUMIF(D19:D28,1,C19:C28)+SUMIF(D31:D34,1,C31:C34)+SUMIF(D37:D39,1,C37:C39)+SUMIF(D42:D44,1,C42:C44)+SUMIF(D47:D49,1,C47:C49) -> 0 | F54: =IF(C54>0,C54/$C$56,"-") -> -
A55: 3 | C55: =SUMIF(D8:D16,3,C8:C16)+SUMIF(D19:D28,3,C19:C28)+SUMIF(D31:D34,3,C31:C34)+SUMIF(D37:D39,3,C37:C39)+SUMIF(D42:D44,3,C42:C44)+SUMIF(D47:D49,3,C47:C49) -> 0 | F55: =IF(C55>0,C55/$C$56,"-") -> -
A56: total | C56: =SUM(C53:E55) -> 0 | F56: =SUM(F53:H55) -> 0
A57: Resumo da auditoria
A58: Q= Total de desvios encontrados | F58: =C56 -> 0
A59: N= Total de Pessoas Observadas | F59: =H5 -> 0
A60: SD= ∑ Desvios Comportamentais x Severidade dos Desvios | F60: =(C53*A53)+(C54*A54)+(C55*A55) -> 0
A61: Nota Final IDS (%)
A62: IDS = 100 – (SD / N) * 100 | F62: =IF(F59>0,1-((F60/F59)),"-") -> -
A63: Pontos fortes
A69: Oportunidades de Melhorias
A76: NÃO APAGAR DESTA LINHA PARA BAIXO
A77: 0.3
A78: 1
A79: 3

Sheet sab (2)
A1: IDS - INDICADOR DE DESEMPENHO EM SEGURANÇA
A2: Local: | B2: ='seg (1)'!B2 -> CMPC | E2: Auditor Líder: | F2: ='seg (1)'!F2 -> HSE
A3: Contratada: | B3: ='seg (1)'!B3 -> 0 | E3: Auditor:
A4: Subcontratada: | B4: ='seg (1)'!B4 -> 0 | E4: Data:
A5: Acompanhante: | B5: ='seg (1)'!B5 -> 0 | E5: Hora: | G5: Nº de pessoas:
A6: GABARITO DE OBSERVAÇÃO
A7: USO DE EPI´S | C7: Qtd. | D7: Peso | E7: Comentário
A8: Capacete/Jugular | I8: =IF(COUNT(C8:D8)=1,"-->Verifique! Item QTDE ou PESO em branco","-") -> -
A9: Máscara Respiratória | I9: =IF(COUNT(C9:D9)=1,"-->Verifique! Item QTDE ou PESO em branco","-") -> -
A10: Óculos | I10: =IF(COUNT(C10:D10)=1,"-->Verifique! Item QTDE ou PESO em branco","-") -> -
A11: Protetor Facial | I11: =IF(COUNT(C11:D11)=1,"-->Verifique! Item QTDE ou PESO em branco","-") -> -
A12: Protetor Auricular | I12: =IF(COUNT(C12:D12)=1,"-->Verifique! Item QTDE ou PESO em branco","-") -> -
A13: Luvas | I13: =IF(COUNT(C13:D13)=1,"-->Verifique! Item QTDE ou PESO em branco","-") -> -
A14: Avental/jaleco | I14: =IF(COUNT(C14:D14)=1,"-->Verifique! Item QTDE ou PESO em branco","-") -> -
A15: Calçado de Segurança | I15: =IF(COUNT(C15:D15)=1,"-->Verifique! Item QTDE ou PESO em branco","-") -> -
A16: Cinto de Segurança | I16: =IF(COUNT(C16:D16)=1,"-->Verifique! Item QTDE ou PESO em branco","-") -> -
A17: Sub-total: | C17: =SUM(C8:C16) -> 0
A18: POSIÇÃO DAS PESSOAS | C18: Qtd. | D18: Peso | E18: Comentário
A19: Bater contra/Ser atingido por | I19: =IF(COUNT(C19:D19)=1,"-->Verifique! Item QTDE ou PESO em branco","-") -> -
A20: Ficar preso | I20: =IF(COUNT(C20:D20)=1,"-->Verifique! Item QTDE ou PESO em branco","-") -> -
A21: Risco de queda | I21: =IF(COUNT(C21:D21)=1,"-->Verifique! Item QTDE ou PESO em branco","-") -> -
A22: Risco de queimadura | I22: =IF(COUNT(C22:D22)=1,"-->Verifique! Item QTDE ou PESO em branco","-") -> -
A23: Risco de choque elétrico | I23: =IF(COUNT(C23:D23)=1,"-->Verifique! Item QTDE ou PESO em branco","-") -> -
A24: Inalar/Absorver contaminantes | I24: =IF(COUNT(C24:D24)=1,"-->Verifique! Item QTDE ou PESO em branco","-") -> -
A25: Trabalho Sobreposto | I25: =IF(COUNT(C25:D25)=1,"-->Verifique! Item QTDE ou PESO em branco","-") -> -
A26: Ingerir contaminantes | I26: =IF(COUNT(C26:D26)=1,"-->Verifique! Item QTDE ou PESO em branco","-") -> -
A27: Postura inadequada | I27: =IF(COUNT(C27:D27)=1,"-->Verifique! Item QTDE ou PESO em branco","-") -> -
A28: Esforço inadequado | I28: =IF(COUNT(C28:D28)=1,"-->Verifique! Item QTDE ou PESO em branco","-") -> -
A29: Sub-total: | C29: =SUM(C19:C28) -> 0
A30: AÇÃO QUANDO OBSERVADO | C30: Qtd. | D30: Peso | E30: Comentário
A31: Mudança de posição | I31: =IF(COUNT(C31:D31)=1,"-->Verifique! Item QTDE ou PESO em branco","-") -> -
A32: Paraliza a atividade | I32: =IF(COUNT(C32:D32)=1,"-->Verifique! Item QTDE ou PESO em branco","-") -> -
A33: Ajusta o EPI | I33: =IF(COUNT(C33:D33)=1,"-->Verifique! Item QTDE ou PESO em branco","-") -> -
A34: Adequa o serviço | I34: =IF(COUNT(C34:D34)=1,"-->Verifique! Item QTDE ou PESO em branco","-") -> -
A35: Sub-total: | C35: =SUM(C31:C34) -> 0
A36: PROCEDIMENTOS | C36: Qtd. | D36: Peso | E36: Comentário
A37: Inadequados | I37: =IF(COUNT(C37:D37)=1,"-->Verifique! Item QTDE ou PESO em branco","-") -> -
A38: Não existem procedimentos escritos | I38: =IF(COUNT(C38:D38)=1,"-->Verifique! Item QTDE ou PESO em branco","-") -> -
A39: Adequados e não são seguidos | I39: =IF(COUNT(C39:D39)=1,"-->Verifique! Item QTDE ou PESO em branco","-") -> -
A40: Sub-total: | C40: =SUM(C37:C39) -> 0
A41: FERRAMENTAS E EQUIPAMENTOS | C41: Qtd. | D41: Peso | E41: Comentário
A42: Impróprio para o serviço | I42: =IF(COUNT(C42:D42)=1,"-->Verifique! Item QTDE ou PESO em branco","-") -> -
A43: Usados incorretamente | I43: =IF(COUNT(C43:D43)=1,"-->Verifique! Item QTDE ou PESO em branco","-") -> -
A44: Em condição inseguras | I44: =IF(COUNT(C44:D44)=1,"-->Verifique! Item QTDE ou PESO em branco","-") -> -
A45: Sub-total: | C45: =SUM(C42:C44) -> 0
A46: PADRÕES DE ORGANIZAÇÃO | C46: Qtd. | D46: Peso | E46: Comentário
A47: Local sujo/desorganizado | I47: =IF(COUNT(C47:D47)=1,"-->Verifique! Item QTDE ou PESO em branco","-") -> -
A48: Armazenamento inadequado | I48: =IF(COUNT(C48:D48)=1,"-->Verifique! Item QTDE ou PESO em branco","-") -> -
A49: Contaminação Ambiental | I49: =IF(COUNT(C49:D49)=1,"-->Verifique! Item QTDE ou PESO em branco","-") -> -
A50: Sub-total: | C50: =SUM(C47:C49) -> 0
A51: Resumo dos desvios
A52: Grau de Severidade | C52: Qtd Desvios por Severidade | F52: %
A53: 0.3 | C53: =SUMIF(D8:D16,0.3,C8:C16)+SUMIF(D19:D28,0.3,C19:C28)+SUMIF(D31:D34,0.3,C31:C34)+SUMIF(D37:D39,0.3,C37:C39)+SUMIF(D42:D44,0.3,C42:C44)+SUMIF(D47:D49,0.3,C47:C49) -> 0 | F53: =IF(C53>0,C53/$C$56,"-") -> -
A54: 1 | C54: =SUMIF(D8:D16,1,C8:C16)+SUMIF(D19:D28,1,C19:C28)+SUMIF(D31:D34,1,C31:C34)+SUMIF(D37:D39,1,C37:C39)+SUMIF(D42:D44,1,C42:C44)+SUMIF(D47:D49,1,C47:C49) -> 0 | F54: =IF(C54>0,C54/$C$56,"-") -> -
A55: 3 | C55: =SUMIF(D8:D16,3,C8:C16)+SUMIF(D19:D28,3,C19:C28)+SUMIF(D31:D34,3,C31:C34)+SUMIF(D37:D39,3,C37:C39)+SUMIF(D42:D44,3,C42:C44)+SUMIF(D47:D49,3,C47:C49) -> 0 | F55: =IF(C55>0,C55/$C$56,"-") -> -
A56: total | C56: =SUM(C53:E55) -> 0 | F56: =SUM(F53:H55) -> 0
A57: Resumo da auditoria
A58: Q= Total de desvios encontrados | F58: =C56 -> 0
A59: N= Total de Pessoas Observadas | F59: =H5 -> 0
A60: SD= ∑ Desvios Comportamentais x Severidade dos Desvios | F60: =(C53*A53)+(C54*A54)+(C55*A55) -> 0
A61: Nota Final IDS (%)
A62: IDS = 100 – (SD / N) * 100 | F62: =IF(F59>0,1-((F60/F59)),"-") -> -
A63: Pontos fortes
A69: Oportunidades de Melhorias
A76: NÃO APAGAR DESTA LINHA PARA BAIXO
A77: 0.3
A78: 1
A79: 3

Sheet seg (3)
A1: IDS - INDICADOR DE DESEMPENHO EM SEGURANÇA
A2: Local: | B2: ='seg (1)'!B2 -> CMPC | E2: Auditor Líder: | F2: ='seg (1)'!F2 -> HSE
A3: Contratada: | B3: ='seg (1)'!B3 -> 0 | E3: Auditor:
A4: Subcontratada: | B4: ='seg (1)'!B4 -> 0 | E4: Data:
A5: Acompanhante: | B5: ='seg (1)'!B5 -> 0 | E5: Hora: | G5: Nº de pessoas:
A6: GABARITO DE OBSERVAÇÃO
A7: USO DE EPI´S | C7: Qtd. | D7: Peso | E7: Comentário
A8: Capacete/Jugular | I8: =IF(COUNT(C8:D8)=1,"-->Verifique! Item QTDE ou PESO em branco","-") -> -
A9: Máscara Respiratória | I9: =IF(COUNT(C9:D9)=1,"-->Verifique! Item QTDE ou PESO em branco","-") -> -
A10: Óculos | I10: =IF(COUNT(C10:D10)=1,"-->Verifique! Item QTDE ou PESO em branco","-") -> -
A11: Protetor Facial | I11: =IF(COUNT(C11:D11)=1,"-->Verifique! Item QTDE ou PESO em branco","-") -> -
A12: Protetor Auricular | I12: =IF(COUNT(C12:D12)=1,"-->Verifique! Item QTDE ou PESO em branco","-") -> -
A13: Luvas | I13: =IF(COUNT(C13:D13)=1,"-->Verifique! Item QTDE ou PESO em branco","-") -> -
A14: Avental/jaleco | I14: =IF(COUNT(C14:D14)=1,"-->Verifique! Item QTDE ou PESO em branco","-") -> -
A15: Calçado de Segurança | I15: =IF(COUNT(C15:D15)=1,"-->Verifique! Item QTDE ou PESO em branco","-") -> -
A16: Cinto de Segurança | I16: =IF(COUNT(C16:D16)=1,"-->Verifique! Item QTDE ou PESO em branco","-") -> -
A17: Sub-total: | C17: =SUM(C8:C16) -> 0
A18: POSIÇÃO DAS PESSOAS | C18: Qtd. | D18: Peso | E18: Comentário
A19: Bater contra/Ser atingido por | I19: =IF(COUNT(C19:D19)=1,"-->Verifique! Item QTDE ou PESO em branco","-") -> -
A20: Ficar preso | I20: =IF(COUNT(C20:D20)=1,"-->Verifique! Item QTDE ou PESO em branco","-") -> -
A21: Risco de queda | I21: =IF(COUNT(C21:D21)=1,"-->Verifique! Item QTDE ou PESO em branco","-") -> -
A22: Risco de queimadura | I22: =IF(COUNT(C22:D22)=1,"-->Verifique! Item QTDE ou PESO em branco","-") -> -
A23: Risco de choque elétrico | I23: =IF(COUNT(C23:D23)=1,"-->Verifique! Item QTDE ou PESO em branco","-") -> -
A24: Inalar/Absorver contaminantes | I24: =IF(COUNT(C24:D24)=1,"-->Verifique! Item QTDE ou PESO em branco","-") -> -
A25: Trabalho Sobreposto | I25: =IF(COUNT(C25:D25)=1,"-->Verifique! Item QTDE ou PESO em branco","-") -> -
A26: Ingerir contaminantes | I26: =IF(COUNT(C26:D26)=1,"-->Verifique! Item QTDE ou PESO em branco","-") -> -
A27: Postura inadequada | I27: =IF(COUNT(C27:D27)=1,"-->Verifique! Item QTDE ou PESO em branco","-") -> -
A28: Esforço inadequado | I28: =IF(COUNT(C28:D28)=1,"-->Verifique! Item QTDE ou PESO em branco","-") -> -
A29: Sub-total: | C29: =SUM(C19:C28) -> 0
A30: AÇÃO QUANDO OBSERVADO | C30: Qtd. | D30: Peso | E30: Comentário
A31: Mudança de posição | I31: =IF(COUNT(C31:D31)=1,"-->Verifique! Item QTDE ou PESO em branco","-") -> -
A32: Paraliza a atividade | I32: =IF(COUNT(C32:D32)=1,"-->Verifique! Item QTDE ou PESO em branco","-") -> -
A33: Ajusta o EPI | I33: =IF(COUNT(C33:D33)=1,"-->Verifique! Item QTDE ou PESO em branco","-") -> -
A34: Adequa o serviço | I34: =IF(COUNT(C34:D34)=1,"-->Verifique! Item QTDE ou PESO em branco","-") -> -
A35: Sub-total: | C35: =SUM(C31:C34) -> 0
A36: PROCEDIMENTOS | C36: Qtd. | D36: Peso | E36: Comentário
A37: Inadequados | I37: =IF(COUNT(C37:D37)=1,"-->Verifique! Item QTDE ou PESO em branco","-") -> -
A38: Não existem procedimentos escritos | I38: =IF(COUNT(C38:D38)=1,"-->Verifique! Item QTDE ou PESO em branco","-") -> -
A39: Adequados e não são seguidos | I39: =IF(COUNT(C39:D39)=1,"-->Verifique! Item QTDE ou PESO em branco","-") -> -
A40: Sub-total: | C40: =SUM(C37:C39) -> 0
A41: FERRAMENTAS E EQUIPAMENTOS | C41: Qtd. | D41: Peso | E41: Comentário
A42: Impróprio para o serviço | I42: =IF(COUNT(C42:D42)=1,"-->Verifique! Item QTDE ou PESO em branco","-") -> -
A43: Usados incorretamente | I43: =IF(COUNT(C43:D43)=1,"-->Verifique! Item QTDE ou PESO em branco","-") -> -
A44: Em condição inseguras | I44: =IF(COUNT(C44:D44)=1,"-->Verifique! Item QTDE ou PESO em branco","-") -> -
A45: Sub-total: | C45: =SUM(C42:C44) -> 0
A46: PADRÕES DE ORGANIZAÇÃO | C46: Qtd. | D46: Peso | E46: Comentário
A47: Local sujo/desorganizado | I47: =IF(COUNT(C47:D47)=1,"-->Verifique! Item QTDE ou PESO em branco","-") -> -
A48: Armazenamento inadequado | I48: =IF(COUNT(C48:D48)=1,"-->Verifique! Item QTDE ou PESO em branco","-") -> -
A49: Contaminação Ambiental | I49: =IF(COUNT(C49:D49)=1,"-->Verifique! Item QTDE ou PESO em branco","-") -> -
A50: Sub-total: | C50: =SUM(C47:C49) -> 0
A51: Resumo dos desvios
A52: Grau de Severidade | C52: Qtd Desvios por Severidade | F52: %
A53: 0.3 | C53: =SUMIF(D8:D16,0.3,C8:C16)+SUMIF(D19:D28,0.3,C19:C28)+SUMIF(D31:D34,0.3,C31:C34)+SUMIF(D37:D39,0.3,C37:C39)+SUMIF(D42:D44,0.3,C42:C44)+SUMIF(D47:D49,0.3,C47:C49) -> 0 | F53: =IF(C53>0,C53/$C$56,"-") -> -
A54: 1 | C54: =SUMIF(D8:D16,1,C8:C16)+SUMIF(D19:D28,1,C19:C28)+SUMIF(D31:D34,1,C31:C34)+SUMIF(D37:D39,1,C37:C39)+SUMIF(D42:D44,1,C42:C44)+SUMIF(D47:D49,1,C47:C49) -> 0 | F54: =IF(C54>0,C54/$C$56,"-") -> -
A55: 3 | C55: =SUMIF(D8:D16,3,C8:C16)+SUMIF(D19:D28,3,C19:C28)+SUMIF(D31:D34,3,C31:C34)+SUMIF(D37:D39,3,C37:C39)+SUMIF(D42:D44,3,C42:C44)+SUMIF(D47:D49,3,C47:C49) -> 0 | F55: =IF(C55>0,C55/$C$56,"-") -> -
A56: total | C56: =SUM(C53:E55) -> 0 | F56: =SUM(F53:H55) -> 0
A57: Resumo da auditoria
A58: Q= Total de desvios encontrados | F58: =C56 -> 0
A59: N= Total de Pessoas Observadas | F59: =H5 -> 0
A60: SD= ∑ Desvios Comportamentais x Severidade dos Desvios | F60: =(C53*A53)+(C54*A54)+(C55*A55) -> 0
A61: Nota Final IDS (%)
A62: IDS = 100 – (SD / N) * 100 | F62: =IF(F59>0,1-((F60/F59)),"-") -> -
A63: Pontos fortes
A69: Oportunidades de Melhorias
A76: NÃO APAGAR DESTA LINHA PARA BAIXO
A77: 0.3
A78: 1
A79: 3

Sheet ter (3)
A1: IDS - INDICADOR DE DESEMPENHO EM SEGURANÇA
A2: Local: | B2: ='seg (1)'!B2 -> CMPC | E2: Auditor Líder: | F2: ='seg (1)'!F2 -> HSE
A3: Contratada: | B3: ='seg (1)'!B3 -> 0 | E3: Auditor:
A4: Subcontratada: | B4: ='seg (1)'!B4 -> 0 | E4: Data:
A5: Acompanhante: | B5: ='seg (1)'!B5 -> 0 | E5: Hora: | G5: Nº de pessoas:
A6: GABARITO DE OBSERVAÇÃO
A7: USO DE EPI´S | C7: Qtd. | D7: Peso | E7: Comentário
A8: Capacete/Jugular | I8: =IF(COUNT(C8:D8)=1,"-->Verifique! Item QTDE ou PESO em branco","-") -> -
A9: Máscara Respiratória | I9: =IF(COUNT(C9:D9)=1,"-->Verifique! Item QTDE ou PESO em branco","-") -> -
A10: Óculos | I10: =IF(COUNT(C10:D10)=1,"-->Verifique! Item QTDE ou PESO em branco","-") -> -
A11: Protetor Facial | I11: =IF(COUNT(C11:D11)=1,"-->Verifique! Item QTDE ou PESO em branco","-") -> -
A12: Protetor Auricular | I12: =IF(COUNT(C12:D12)=1,"-->Verifique! Item QTDE ou PESO em branco","-") -> -
A13: Luvas | I13: =IF(COUNT(C13:D13)=1,"-->Verifique! Item QTDE ou PESO em branco","-") -> -
A14: Avental/jaleco | I14: =IF(COUNT(C14:D14)=1,"-->Verifique! Item QTDE ou PESO em branco","-") -> -
A15: Calçado de Segurança | I15: =IF(COUNT(C15:D15)=1,"-->Verifique! Item QTDE ou PESO em branco","-") -> -
A16: Cinto de Segurança | I16: =IF(COUNT(C16:D16)=1,"-->Verifique! Item QTDE ou PESO em branco","-") -> -
A17: Sub-total: | C17: =SUM(C8:C16) -> 0
A18: POSIÇÃO DAS PESSOAS | C18: Qtd. | D18: Peso | E18: Comentário
A19: Bater contra/Ser atingido por | I19: =IF(COUNT(C19:D19)=1,"-->Verifique! Item QTDE ou PESO em branco","-") -> -
A20: Ficar preso | I20: =IF(COUNT(C20:D20)=1,"-->Verifique! Item QTDE ou PESO em branco","-") -> -
A21: Risco de queda | I21: =IF(COUNT(C21:D21)=1,"-->Verifique! Item QTDE ou PESO em branco","-") -> -
A22: Risco de queimadura | I22: =IF(COUNT(C22:D22)=1,"-->Verifique! Item QTDE ou PESO em branco","-") -> -
A23: Risco de choque elétrico | I23: =IF(COUNT(C23:D23)=1,"-->Verifique! Item QTDE ou PESO em branco","-") -> -
A24: Inalar/Absorver contaminantes | I24: =IF(COUNT(C24:D24)=1,"-->Verifique! Item QTDE ou PESO em branco","-") -> -
A25: Trabalho Sobreposto | I25: =IF(COUNT(C25:D25)=1,"-->Verifique! Item QTDE ou PESO em branco","-") -> -
A26: Ingerir contaminantes | I26: =IF(COUNT(C26:D26)=1,"-->Verifique! Item QTDE ou PESO em branco","-") -> -
A27: Postura inadequada | I27: =IF(COUNT(C27:D27)=1,"-->Verifique! Item QTDE ou PESO em branco","-") -> -
A28: Esforço inadequado | I28: =IF(COUNT(C28:D28)=1,"-->Verifique! Item QTDE ou PESO em branco","-") -> -
A29: Sub-total: | C29: =SUM(C19:C28) -> 0
A30: AÇÃO QUANDO OBSERVADO | C30: Qtd. | D30: Peso | E30: Comentário
A31: Mudança de posição | I31: =IF(COUNT(C31:D31)=1,"-->Verifique! Item QTDE ou PESO em branco","-") -> -
A32: Paraliza a atividade | I32: =IF(COUNT(C32:D32)=1,"-->Verifique! Item QTDE ou PESO em branco","-") -> -
A33: Ajusta o EPI | I33: =IF(COUNT(C33:D33)=1,"-->Verifique! Item QTDE ou PESO em branco","-") -> -
A34: Adequa o serviço | I34: =IF(COUNT(C34:D34)=1,"-->Verifique! Item QTDE ou PESO em branco","-") -> -
A35: Sub-total: | C35: =SUM(C31:C34) -> 0
A36: PROCEDIMENTOS | C36: Qtd. | D36: Peso | E36: Comentário
A37: Inadequados | I37: =IF(COUNT(C37:D37)=1,"-->Verifique! Item QTDE ou PESO em branco","-") -> -
A38: Não existem procedimentos escritos | I38: =IF(COUNT(C38:D38)=1,"-->Verifique! Item QTDE ou PESO em branco","-") -> -
A39: Adequados e não são seguidos | I39: =IF(COUNT(C39:D39)=1,"-->Verifique! Item QTDE ou PESO em branco","-") -> -
A40: Sub-total: | C40: =SUM(C37:C39) -> 0
A41: FERRAMENTAS E EQUIPAMENTOS | C41: Qtd. | D41: Peso | E41: Comentário
A42: Impróprio para o serviço | I42: =IF(COUNT(C42:D42)=1,"-->Verifique! Item QTDE ou PESO em branco","-") -> -
A43: Usados incorretamente | I43: =IF(COUNT(C43:D43)=1,"-->Verifique! Item QTDE ou PESO em branco","-") -> -
A44: Em condição inseguras | I44: =IF(COUNT(C44:D44)=1,"-->Verifique! Item QTDE ou PESO em branco","-") -> -
A45: Sub-total: | C45: =SUM(C42:C44) -> 0
A46: PADRÕES DE ORGANIZAÇÃO | C46: Qtd. | D46: Peso | E46: Comentário
A47: Local sujo/desorganizado | I47: =IF(COUNT(C47:D47)=1,"-->Verifique! Item QTDE ou PESO em branco","-") -> -
A48: Armazenamento inadequado | I48: =IF(COUNT(C48:D48)=1,"-->Verifique! Item QTDE ou PESO em branco","-") -> -
A49: Contaminação Ambiental | I49: =IF(COUNT(C49:D49)=1,"-->Verifique! Item QTDE ou PESO em branco","-") -> -
A50: Sub-total: | C50: =SUM(C47:C49) -> 0
A51: Resumo dos desvios
A52: Grau de Severidade | C52: Qtd Desvios por Severidade | F52: %
A53: 0.3 | C53: =SUMIF(D8:D16,0.3,C8:C16)+SUMIF(D19:D28,0.3,C19:C28)+SUMIF(D31:D34,0.3,C31:C34)+SUMIF(D37:D39,0.3,C37:C39)+SUMIF(D42:D44,0.3,C42:C44)+SUMIF(D47:D49,0.3,C47:C49) -> 0 | F53: =IF(C53>0,C53/$C$56,"-") -> -
A54: 1 | C54: =SUMIF(D8:D16,1,C8:C16)+SUMIF(D19:D28,1,C19:C28)+SUMIF(D31:D34,1,C31:C34)+SUMIF(D37:D39,1,C37:C39)+SUMIF(D42:D44,1,C42:C44)+SUMIF(D47:D49,1,C47:C49) -> 0 | F54: =IF(C54>0,C54/$C$56,"-") -> -
A55: 3 | C55: =SUMIF(D8:D16,3,C8:C16)+SUMIF(D19:D28,3,C19:C28)+SUMIF(D31:D34,3,C31:C34)+SUMIF(D37:D39,3,C37:C39)+SUMIF(D42:D44,3,C42:C44)+SUMIF(D47:D49,3,C47:C49) -> 0 | F55: =IF(C55>0,C55/$C$56,"-") -> -
A56: total | C56: =SUM(C53:E55) -> 0 | F56: =SUM(F53:H55) -> 0
A57: Resumo da auditoria
A58: Q= Total de desvios encontrados | F58: =C56 -> 0
A59: N= Total de Pessoas Observadas | F59: =H5 -> 0
A60: SD= ∑ Desvios Comportamentais x Severidade dos Desvios | F60: =(C53*A53)+(C54*A54)+(C55*A55) -> 0
A61: Nota Final IDS (%)
A62: IDS = 100 – (SD / N) * 100 | F62: =IF(F59>0,1-((F60/F59)),"-") -> -
A63: Pontos fortes
A69: Oportunidades de Melhorias
A76: NÃO APAGAR DESTA LINHA PARA BAIXO
A77: 0.3
A78: 1
A79: 3

Sheet qua (3)
A1: IDS - INDICADOR DE DESEMPENHO EM SEGURANÇA
A2: Local: | B2: ='seg (1)'!B2 -> CMPC | E2: Auditor Líder: | F2: ='seg (1)'!F2 -> HSE
A3: Contratada: | B3: ='seg (1)'!B3 -> 0 | E3: Auditor:
A4: Subcontratada: | B4: ='seg (1)'!B4 -> 0 | E4: Data:
A5: Acompanhante: | B5: ='seg (1)'!B5 -> 0 | E5: Hora: | G5: Nº de pessoas:
A6: GABARITO DE OBSERVAÇÃO
A7: USO DE EPI´S | C7: Qtd. | D7: Peso | E7: Comentário
A8: Capacete/Jugular | I8: =IF(COUNT(C8:D8)=1,"-->Verifique! Item QTDE ou PESO em branco","-") -> -
A9: Máscara Respiratória | I9: =IF(COUNT(C9:D9)=1,"-->Verifique! Item QTDE ou PESO em branco","-") -> -
A10: Óculos | I10: =IF(COUNT(C10:D10)=1,"-->Verifique! Item QTDE ou PESO em branco","-") -> -
A11: Protetor Facial | I11: =IF(COUNT(C11:D11)=1,"-->Verifique! Item QTDE ou PESO em branco","-") -> -
A12: Protetor Auricular | I12: =IF(COUNT(C12:D12)=1,"-->Verifique! Item QTDE ou PESO em branco","-") -> -
A13: Luvas | I13: =IF(COUNT(C13:D13)=1,"-->Verifique! Item QTDE ou PESO em branco","-") -> -
A14: Avental/jaleco | I14: =IF(COUNT(C14:D14)=1,"-->Verifique! Item QTDE ou PESO em branco","-") -> -
A15: Calçado de Segurança | I15: =IF(COUNT(C15:D15)=1,"-->Verifique! Item QTDE ou PESO em branco","-") -> -
A16: Cinto de Segurança | I16: =IF(COUNT(C16:D16)=1,"-->Verifique! Item QTDE ou PESO em branco","-") -> -
A17: Sub-total: | C17: =SUM(C8:C16) -> 0
A18: POSIÇÃO DAS PESSOAS | C18: Qtd. | D18: Peso | E18: Comentário
A19: Bater contra/Ser atingido por | I19: =IF(COUNT(C19:D19)=1,"-->Verifique! Item QTDE ou PESO em branco","-") -> -
A20: Ficar preso | I20: =IF(COUNT(C20:D20)=1,"-->Verifique! Item QTDE ou PESO em branco","-") -> -
A21: Risco de queda | I21: =IF(COUNT(C21:D21)=1,"-->Verifique! Item QTDE ou PESO em branco","-") -> -
A22: Risco de queimadura | I22: =IF(COUNT(C22:D22)=1,"-->Verifique! Item QTDE ou PESO em branco","-") -> -
A23: Risco de choque elétrico | I23: =IF(COUNT(C23:D23)=1,"-->Verifique! Item QTDE ou PESO em branco","-") -> -
A24: Inalar/Absorver contaminantes | I24: =IF(COUNT(C24:D24)=1,"-->Verifique! Item QTDE ou PESO em branco","-") -> -
A25: Trabalho Sobreposto | I25: =IF(COUNT(C25:D25)=1,"-->Verifique! Item QTDE ou PESO em branco","-") -> -
A26: Ingerir contaminantes | I26: =IF(COUNT(C26:D26)=1,"-->Verifique! Item QTDE ou PESO em branco","-") -> -
A27: Postura inadequada | I27: =IF(COUNT(C27:D27)=1,"-->Verifique! Item QTDE ou PESO em branco","-") -> -
A28: Esforço inadequado | I28: =IF(COUNT(C28:D28)=1,"-->Verifique! Item QTDE ou PESO em branco","-") -> -
A29: Sub-total: | C29: =SUM(C19:C28) -> 0
A30: AÇÃO QUANDO OBSERVADO | C30: Qtd. | D30: Peso | E30: Comentário
A31: Mudança de posição | I31: =IF(COUNT(C31:D31)=1,"-->Verifique! Item QTDE ou PESO em branco","-") -> -
A32: Paraliza a atividade | I32: =IF(COUNT(C32:D32)=1,"-->Verifique! Item QTDE ou PESO em branco","-") -> -
A33: Ajusta o EPI | I33: =IF(COUNT(C33:D33)=1,"-->Verifique! Item QTDE ou PESO em branco","-") -> -
A34: Adequa o serviço | I34: =IF(COUNT(C34:D34)=1,"-->Verifique! Item QTDE ou PESO em branco","-") -> -
A35: Sub-total: | C35: =SUM(C31:C34) -> 0
A36: PROCEDIMENTOS | C36: Qtd. | D36: Peso | E36: Comentário
A37: Inadequados | I37: =IF(COUNT(C37:D37)=1,"-->Verifique! Item QTDE ou PESO em branco","-") -> -
A38: Não existem procedimentos escritos | I38: =IF(COUNT(C38:D38)=1,"-->Verifique! Item QTDE ou PESO em branco","-") -> -
A39: Adequados e não são seguidos | I39: =IF(COUNT(C39:D39)=1,"-->Verifique! Item QTDE ou PESO em branco","-") -> -
A40: Sub-total: | C40: =SUM(C37:C39) -> 0
A41: FERRAMENTAS E EQUIPAMENTOS | C41: Qtd. | D41: Peso | E41: Comentário
A42: Impróprio para o serviço | I42: =IF(COUNT(C42:D42)=1,"-->Verifique! Item QTDE ou PESO em branco","-") -> -
A43: Usados incorretamente | I43: =IF(COUNT(C43:D43)=1,"-->Verifique! Item QTDE ou PESO em branco","-") -> -
A44: Em condição inseguras | I44: =IF(COUNT(C44:D44)=1,"-->Verifique! Item QTDE ou PESO em branco","-") -> -
A45: Sub-total: | C45: =SUM(C42:C44) -> 0
A46: PADRÕES DE ORGANIZAÇÃO | C46: Qtd. | D46: Peso | E46: Comentário
A47: Local sujo/desorganizado | I47: =IF(COUNT(C47:D47)=1,"-->Verifique! Item QTDE ou PESO em branco","-") -> -
A48: Armazenamento inadequado | I48: =IF(COUNT(C48:D48)=1,"-->Verifique! Item QTDE ou PESO em branco","-") -> -
A49: Contaminação Ambiental | I49: =IF(COUNT(C49:D49)=1,"-->Verifique! Item QTDE ou PESO em branco","-") -> -
A50: Sub-total: | C50: =SUM(C47:C49) -> 0
A51: Resumo dos desvios
A52: Grau de Severidade | C52: Qtd Desvios por Severidade | F52: %
A53: 0.3 | C53: =SUMIF(D8:D16,0.3,C8:C16)+SUMIF(D19:D28,0.3,C19:C28)+SUMIF(D31:D34,0.3,C31:C34)+SUMIF(D37:D39,0.3,C37:C39)+SUMIF(D42:D44,0.3,C42:C44)+SUMIF(D47:D49,0.3,C47:C49) -> 0 | F53: =IF(C53>0,C53/$C$56,"-") -> -
A54: 1 | C54: =SUMIF(D8:D16,1,C8:C16)+SUMIF(D19:D28,1,C19:C28)+SUMIF(D31:D34,1,C31:C34)+SUMIF(D37:D39,1,C37:C39)+SUMIF(D42:D44,1,C42:C44)+SUMIF(D47:D49,1,C47:C49) -> 0 | F54: =IF(C54>0,C54/$C$56,"-") -> -
A55: 3 | C55: =SUMIF(D8:D16,3,C8:C16)+SUMIF(D19:D28,3,C19:C28)+SUMIF(D31:D34,3,C31:C34)+SUMIF(D37:D39,3,C37:C39)+SUMIF(D42:D44,3,C42:C44)+SUMIF(D47:D49,3,C47:C49) -> 0 | F55: =IF(C55>0,C55/$C$56,"-") -> -
A56: total | C56: =SUM(C53:E55) -> 0 | F56: =SUM(F53:H55) -> 0
A57: Resumo da auditoria
A58: Q= Total de desvios encontrados | F58: =C56 -> 0
A59: N= Total de Pessoas Observadas | F59: =H5 -> 0
A60: SD= ∑ Desvios Comportamentais x Severidade dos Desvios | F60: =(C53*A53)+(C54*A54)+(C55*A55) -> 0
A61: Nota Final IDS (%)
A62: IDS = 100 – (SD / N) * 100 | F62: =IF(F59>0,1-((F60/F59)),"-") -> -
A63: Pontos fortes
A69: Oportunidades de Melhorias
A76: NÃO APAGAR DESTA LINHA PARA BAIXO
A77: 0.3
A78: 1
A79: 3

Sheet qui (3)
A1: IDS - INDICADOR DE DESEMPENHO EM SEGURANÇA
A2: Local: | B2: ='seg (1)'!B2 -> CMPC | E2: Auditor Líder: | F2: ='seg (1)'!F2 -> HSE
A3: Contratada: | B3: ='seg (1)'!B3 -> 0 | E3: Auditor:
A4: Subcontratada: | B4: ='seg (1)'!B4 -> 0 | E4: Data:
A5: Acompanhante: | B5: ='seg (1)'!B5 -> 0 | E5: Hora: | G5: Nº de pessoas:
A6: GABARITO DE OBSERVAÇÃO
A7: USO DE EPI´S | C7: Qtd. | D7: Peso | E7: Comentário
A8: Capacete/Jugular | I8: =IF(COUNT(C8:D8)=1,"-->Verifique! Item QTDE ou PESO em branco","-") -> -
A9: Máscara Respiratória | I9: =IF(COUNT(C9:D9)=1,"-->Verifique! Item QTDE ou PESO em branco","-") -> -
A10: Óculos | I10: =IF(COUNT(C10:D10)=1,"-->Verifique! Item QTDE ou PESO em branco","-") -> -
A11: Protetor Facial | I11: =IF(COUNT(C11:D11)=1,"-->Verifique! Item QTDE ou PESO em branco","-") -> -
A12: Protetor Auricular | I12: =IF(COUNT(C12:D12)=1,"-->Verifique! Item QTDE ou PESO em branco","-") -> -
A13: Luvas | I13: =IF(COUNT(C13:D13)=1,"-->Verifique! Item QTDE ou PESO em branco","-") -> -
A14: Avental/jaleco | I14: =IF(COUNT(C14:D14)=1,"-->Verifique! Item QTDE ou PESO em branco","-") -> -
A15: Calçado de Segurança | I15: =IF(COUNT(C15:D15)=1,"-->Verifique! Item QTDE ou PESO em branco","-") -> -
A16: Cinto de Segurança | I16: =IF(COUNT(C16:D16)=1,"-->Verifique! Item QTDE ou PESO em branco","-") -> -
A17: Sub-total: | C17: =SUM(C8:C16) -> 0
A18: POSIÇÃO DAS PESSOAS | C18: Qtd. | D18: Peso | E18: Comentário
A19: Bater contra/Ser atingido por | I19: =IF(COUNT(C19:D19)=1,"-->Verifique! Item QTDE ou PESO em branco","-") -> -
A20: Ficar preso | I20: =IF(COUNT(C20:D20)=1,"-->Verifique! Item QTDE ou PESO em branco","-") -> -
A21: Risco de queda | I21: =IF(COUNT(C21:D21)=1,"-->Verifique! Item QTDE ou PESO em branco","-") -> -
A22: Risco de queimadura | I22: =IF(COUNT(C22:D22)=1,"-->Verifique! Item QTDE ou PESO em branco","-") -> -
A23: Risco de choque elétrico | I23: =IF(COUNT(C23:D23)=1,"-->Verifique! Item QTDE ou PESO em branco","-") -> -
A24: Inalar/Absorver contaminantes | I24: =IF(COUNT(C24:D24)=1,"-->Verifique! Item QTDE ou PESO em branco","-") -> -
A25: Trabalho Sobreposto | I25: =IF(COUNT(C25:D25)=1,"-->Verifique! Item QTDE ou PESO em branco","-") -> -
A26: Ingerir contaminantes | I26: =IF(COUNT(C26:D26)=1,"-->Verifique! Item QTDE ou PESO em branco","-") -> -
A27: Postura inadequada | I27: =IF(COUNT(C27:D27)=1,"-->Verifique! Item QTDE ou PESO em branco","-") -> -
A28: Esforço inadequado | I28: =IF(COUNT(C28:D28)=1,"-->Verifique! Item QTDE ou PESO em branco","-") -> -
A29: Sub-total: | C29: =SUM(C19:C28) -> 0
A30: AÇÃO QUANDO OBSERVADO | C30: Qtd. | D30: Peso | E30: Comentário
A31: Mudança de posição | I31: =IF(COUNT(C31:D31)=1,"-->Verifique! Item QTDE ou PESO em branco","-") -> -
A32: Paraliza a atividade | I32: =IF(COUNT(C32:D32)=1,"-->Verifique! Item QTDE ou PESO em branco","-") -> -
A33: Ajusta o EPI | I33: =IF(COUNT(C33:D33)=1,"-->Verifique! Item QTDE ou PESO em branco","-") -> -
A34: Adequa o serviço | I34: =IF(COUNT(C34:D34)=1,"-->Verifique! Item QTDE ou PESO em branco","-") -> -
A35: Sub-total: | C35: =SUM(C31:C34) -> 0
A36: PROCEDIMENTOS | C36: Qtd. | D36: Peso | E36: Comentário
A37: Inadequados | I37: =IF(COUNT(C37:D37)=1,"-->Verifique! Item QTDE ou PESO em branco","-") -> -
A38: Não existem procedimentos escritos | I38: =IF(COUNT(C38:D38)=1,"-->Verifique! Item QTDE ou PESO em branco","-") -> -
A39: Adequados e não são seguidos | I39: =IF(COUNT(C39:D39)=1,"-->Verifique! Item QTDE ou PESO em branco","-") -> -
A40: Sub-total: | C40: =SUM(C37:C39) -> 0
A41: FERRAMENTAS E EQUIPAMENTOS | C41: Qtd. | D41: Peso | E41: Comentário
A42: Impróprio para o serviço | I42: =IF(COUNT(C42:D42)=1,"-->Verifique! Item QTDE ou PESO em branco","-") -> -
A43: Usados incorretamente | I43: =IF(COUNT(C43:D43)=1,"-->Verifique! Item QTDE ou PESO em branco","-") -> -
A44: Em condição inseguras | I44: =IF(COUNT(C44:D44)=1,"-->Verifique! Item QTDE ou PESO em branco","-") -> -
A45: Sub-total: | C45: =SUM(C42:C44) -> 0
A46: PADRÕES DE ORGANIZAÇÃO | C46: Qtd. | D46: Peso | E46: Comentário
A47: Local sujo/desorganizado | I47: =IF(COUNT(C47:D47)=1,"-->Verifique! Item QTDE ou PESO em branco","-") -> -
A48: Armazenamento inadequado | I48: =IF(COUNT(C48:D48)=1,"-->Verifique! Item QTDE ou PESO em branco","-") -> -
A49: Contaminação Ambiental | I49: =IF(COUNT(C49:D49)=1,"-->Verifique! Item QTDE ou PESO em branco","-") -> -
A50: Sub-total: | C50: =SUM(C47:C49) -> 0
A51: Resumo dos desvios
A52: Grau de Severidade | C52: Qtd Desvios por Severidade | F52: %
A53: 0.3 | C53: =SUMIF(D8:D16,0.3,C8:C16)+SUMIF(D19:D28,0.3,C19:C28)+SUMIF(D31:D34,0.3,C31:C34)+SUMIF(D37:D39,0.3,C37:C39)+SUMIF(D42:D44,0.3,C42:C44)+SUMIF(D47:D49,0.3,C47:C49) -> 0 | F53: =IF(C53>0,C53/$C$56,"-") -> -
A54: 1 | C54: =SUMIF(D8:D16,1,C8:C16)+SUMIF(D19:D28,1,C19:C28)+SUMIF(D31:D34,1,C31:C34)+SUMIF(D37:D39,1,C37:C39)+SUMIF(D42:D44,1,C42:C44)+SUMIF(D47:D49,1,C47:C49) -> 0 | F54: =IF(C54>0,C54/$C$56,"-") -> -
A55: 3 | C55: =SUMIF(D8:D16,3,C8:C16)+SUMIF(D19:D28,3,C19:C28)+SUMIF(D31:D34,3,C31:C34)+SUMIF(D37:D39,3,C37:C39)+SUMIF(D42:D44,3,C42:C44)+SUMIF(D47:D49,3,C47:C49) -> 0 | F55: =IF(C55>0,C55/$C$56,"-") -> -
A56: total | C56: =SUM(C53:E55) -> 0 | F56: =SUM(F53:H55) -> 0
A57: Resumo da auditoria
A58: Q= Total de desvios encontrados | F58: =C56 -> 0
A59: N= Total de Pessoas Observadas | F59: =H5 -> 0
A60: SD= ∑ Desvios Comportamentais x Severidade dos Desvios | F60: =(C53*A53)+(C54*A54)+(C55*A55) -> 0
A61: Nota Final IDS (%)
A62: IDS = 100 – (SD / N) * 100 | F62: =IF(F59>0,1-((F60/F59)),"-") -> -
A63: Pontos fortes
A69: Oportunidades de Melhorias
A76: NÃO APAGAR DESTA LINHA PARA BAIXO
A77: 0.3
A78: 1
A79: 3

Sheet sex (3)
A1: IDS - INDICADOR DE DESEMPENHO EM SEGURANÇA
A2: Local: | B2: ='seg (1)'!B2 -> CMPC | E2: Auditor Líder: | F2: ='seg (1)'!F2 -> HSE
A3: Contratada: | B3: ='seg (1)'!B3 -> 0 | E3: Auditor:
A4: Subcontratada: | B4: ='seg (1)'!B4 -> 0 | E4: Data:
A5: Acompanhante: | B5: ='seg (1)'!B5 -> 0 | E5: Hora: | G5: Nº de pessoas:
A6: GABARITO DE OBSERVAÇÃO
A7: USO DE EPI´S | C7: Qtd. | D7: Peso | E7: Comentário
A8: Capacete/Jugular | I8: =IF(COUNT(C8:D8)=1,"-->Verifique! Item QTDE ou PESO em branco","-") -> -
A9: Máscara Respiratória | I9: =IF(COUNT(C9:D9)=1,"-->Verifique! Item QTDE ou PESO em branco","-") -> -
A10: Óculos | I10: =IF(COUNT(C10:D10)=1,"-->Verifique! Item QTDE ou PESO em branco","-") -> -
A11: Protetor Facial | I11: =IF(COUNT(C11:D11)=1,"-->Verifique! Item QTDE ou PESO em branco","-") -> -
A12: Protetor Auricular | I12: =IF(COUNT(C12:D12)=1,"-->Verifique! Item QTDE ou PESO em branco","-") -> -
A13: Luvas | I13: =IF(COUNT(C13:D13)=1,"-->Verifique! Item QTDE ou PESO em branco","-") -> -
A14: Avental/jaleco | I14: =IF(COUNT(C14:D14)=1,"-->Verifique! Item QTDE ou PESO em branco","-") -> -
A15: Calçado de Segurança | I15: =IF(COUNT(C15:D15)=1,"-->Verifique! Item QTDE ou PESO em branco","-") -> -
A16: Cinto de Segurança | I16: =IF(COUNT(C16:D16)=1,"-->Verifique! Item QTDE ou PESO em branco","-") -> -
A17: Sub-total: | C17: =SUM(C8:C16) -> 0
A18: POSIÇÃO DAS PESSOAS | C18: Qtd. | D18: Peso | E18: Comentário
A19: Bater contra/Ser atingido por | I19: =IF(COUNT(C19:D19)=1,"-->Verifique! Item QTDE ou PESO em branco","-") -> -
A20: Ficar preso | I20: =IF(COUNT(C20:D20)=1,"-->Verifique! Item QTDE ou PESO em branco","-") -> -
A21: Risco de queda | I21: =IF(COUNT(C21:D21)=1,"-->Verifique! Item QTDE ou PESO em branco","-") -> -
A22: Risco de queimadura | I22: =IF(COUNT(C22:D22)=1,"-->Verifique! Item QTDE ou PESO em branco","-") -> -
A23: Risco de choque elétrico | I23: =IF(COUNT(C23:D23)=1,"-->Verifique! Item QTDE ou PESO em branco","-") -> -
A24: Inalar/Absorver contaminantes | I24: =IF(COUNT(C24:D24)=1,"-->Verifique! Item QTDE ou PESO em branco","-") -> -
A25: Trabalho Sobreposto | I25: =IF(COUNT(C25:D25)=1,"-->Verifique! Item QTDE ou PESO em branco","-") -> -
A26: Ingerir contaminantes | I26: =IF(COUNT(C26:D26)=1,"-->Verifique! Item QTDE ou PESO em branco","-") -> -
A27: Postura inadequada | I27: =IF(COUNT(C27:D27)=1,"-->Verifique! Item QTDE ou PESO em branco","-") -> -
A28: Esforço inadequado | I28: =IF(COUNT(C28:D28)=1,"-->Verifique! Item QTDE ou PESO em branco","-") -> -
A29: Sub-total: | C29: =SUM(C19:C28) -> 0
A30: AÇÃO QUANDO OBSERVADO | C30: Qtd. | D30: Peso | E30: Comentário
A31: Mudança de posição | I31: =IF(COUNT(C31:D31)=1,"-->Verifique! Item QTDE ou PESO em branco","-") -> -
A32: Paraliza a atividade | I32: =IF(COUNT(C32:D32)=1,"-->Verifique! Item QTDE ou PESO em branco","-") -> -
A33: Ajusta o EPI | I33: =IF(COUNT(C33:D33)=1,"-->Verifique! Item QTDE ou PESO em branco","-") -> -
A34: Adequa o serviço | I34: =IF(COUNT(C34:D34)=1,"-->Verifique! Item QTDE ou PESO em branco","-") -> -
A35: Sub-total: | C35: =SUM(C31:C34) -> 0
A36: PROCEDIMENTOS | C36: Qtd. | D36: Peso | E36: Comentário
A37: Inadequados | I37: =IF(COUNT(C37:D37)=1,"-->Verifique! Item QTDE ou PESO em branco","-") -> -
A38: Não existem procedimentos escritos | I38: =IF(COUNT(C38:D38)=1,"-->Verifique! Item QTDE ou PESO em branco","-") -> -
A39: Adequados e não são seguidos | I39: =IF(COUNT(C39:D39)=1,"-->Verifique! Item QTDE ou PESO em branco","-") -> -
A40: Sub-total: | C40: =SUM(C37:C39) -> 0
A41: FERRAMENTAS E EQUIPAMENTOS | C41: Qtd. | D41: Peso | E41: Comentário
A42: Impróprio para o serviço | I42: =IF(COUNT(C42:D42)=1,"-->Verifique! Item QTDE ou PESO em branco","-") -> -
A43: Usados incorretamente | I43: =IF(COUNT(C43:D43)=1,"-->Verifique! Item QTDE ou PESO em branco","-") -> -
A44: Em condição inseguras | I44: =IF(COUNT(C44:D44)=1,"-->Verifique! Item QTDE ou PESO em branco","-") -> -
A45: Sub-total: | C45: =SUM(C42:C44) -> 0
A46: PADRÕES DE ORGANIZAÇÃO | C46: Qtd. | D46: Peso | E46: Comentário
A47: Local sujo/desorganizado | I47: =IF(COUNT(C47:D47)=1,"-->Verifique! Item QTDE ou PESO em branco","-") -> -
A48: Armazenamento inadequado | I48: =IF(COUNT(C48:D48)=1,"-->Verifique! Item QTDE ou PESO em branco","-") -> -
A49: Contaminação Ambiental | I49: =IF(COUNT(C49:D49)=1,"-->Verifique! Item QTDE ou PESO em branco","-") -> -
A50: Sub-total: | C50: =SUM(C47:C49) -> 0
A51: Resumo dos desvios
A52: Grau de Severidade | C52: Qtd Desvios por Severidade | F52: %
A53: 0.3 | C53: =SUMIF(D8:D16,0.3,C8:C16)+SUMIF(D19:D28,0.3,C19:C28)+SUMIF(D31:D34,0.3,C31:C34)+SUMIF(D37:D39,0.3,C37:C39)+SUMIF(D42:D44,0.3,C42:C44)+SUMIF(D47:D49,0.3,C47:C49) -> 0 | F53: =IF(C53>0,C53/$C$56,"-") -> -
A54: 1 | C54: =SUMIF(D8:D16,1,C8:C16)+SUMIF(D19:D28,1,C19:C28)+SUMIF(D31:D34,1,C31:C34)+SUMIF(D37:D39,1,C37:C39)+SUMIF(D42:D44,1,C42:C44)+SUMIF(D47:D49,1,C47:C49) -> 0 | F54: =IF(C54>0,C54/$C$56,"-") -> -
A55: 3 | C55: =SUMIF(D8:D16,3,C8:C16)+SUMIF(D19:D28,3,C19:C28)+SUMIF(D31:D34,3,C31:C34)+SUMIF(D37:D39,3,C37:C39)+SUMIF(D42:D44,3,C42:C44)+SUMIF(D47:D49,3,C47:C49) -> 0 | F55: =IF(C55>0,C55/$C$56,"-") -> -
A56: total | C56: =SUM(C53:E55) -> 0 | F56: =SUM(F53:H55) -> 0
A57: Resumo da auditoria
A58: Q= Total de desvios encontrados | F58: =C56 -> 0
A59: N= Total de Pessoas Observadas | F59: =H5 -> 0
A60: SD= ∑ Desvios Comportamentais x Severidade dos Desvios | F60: =(C53*A53)+(C54*A54)+(C55*A55) -> 0
A61: Nota Final IDS (%)
A62: IDS = 100 – (SD / N) * 100 | F62: =IF(F59>0,1-((F60/F59)),"-") -> -
A63: Pontos fortes
A69: Oportunidades de Melhorias
A76: NÃO APAGAR DESTA LINHA PARA BAIXO
A77: 0.3
A78: 1
A79: 3

Sheet sab (3)
A1: IDS - INDICADOR DE DESEMPENHO EM SEGURANÇA
A2: Local: | B2: ='seg (1)'!B2 -> CMPC | E2: Auditor Líder: | F2: ='seg (1)'!F2 -> HSE
A3: Contratada: | B3: ='seg (1)'!B3 -> 0 | E3: Auditor:
A4: Subcontratada: | B4: ='seg (1)'!B4 -> 0 | E4: Data:
A5: Acompanhante: | B5: ='seg (1)'!B5 -> 0 | E5: Hora: | G5: Nº de pessoas:
A6: GABARITO DE OBSERVAÇÃO
A7: USO DE EPI´S | C7: Qtd. | D7: Peso | E7: Comentário
A8: Capacete/Jugular | I8: =IF(COUNT(C8:D8)=1,"-->Verifique! Item QTDE ou PESO em branco","-") -> -
A9: Máscara Respiratória | I9: =IF(COUNT(C9:D9)=1,"-->Verifique! Item QTDE ou PESO em branco","-") -> -
A10: Óculos | I10: =IF(COUNT(C10:D10)=1,"-->Verifique! Item QTDE ou PESO em branco","-") -> -
A11: Protetor Facial | I11: =IF(COUNT(C11:D11)=1,"-->Verifique! Item QTDE ou PESO em branco","-") -> -
A12: Protetor Auricular | I12: =IF(COUNT(C12:D12)=1,"-->Verifique! Item QTDE ou PESO em branco","-") -> -
A13: Luvas | I13: =IF(COUNT(C13:D13)=1,"-->Verifique! Item QTDE ou PESO em branco","-") -> -
A14: Avental/jaleco | I14: =IF(COUNT(C14:D14)=1,"-->Verifique! Item QTDE ou PESO em branco","-") -> -
A15: Calçado de Segurança | I15: =IF(COUNT(C15:D15)=1,"-->Verifique! Item QTDE ou PESO em branco","-") -> -
A16: Cinto de Segurança | I16: =IF(COUNT(C16:D16)=1,"-->Verifique! Item QTDE ou PESO em branco","-") -> -
A17: Sub-total: | C17: =SUM(C8:C16) -> 0
A18: POSIÇÃO DAS PESSOAS | C18: Qtd. | D18: Peso | E18: Comentário
A19: Bater contra/Ser atingido por | I19: =IF(COUNT(C19:D19)=1,"-->Verifique! Item QTDE ou PESO em branco","-") -> -
A20: Ficar preso | I20: =IF(COUNT(C20:D20)=1,"-->Verifique! Item QTDE ou PESO em branco","-") -> -
A21: Risco de queda | I21: =IF(COUNT(C21:D21)=1,"-->Verifique! Item QTDE ou PESO em branco","-") -> -
A22: Risco de queimadura | I22: =IF(COUNT(C22:D22)=1,"-->Verifique! Item QTDE ou PESO em branco","-") -> -
A23: Risco de choque elétrico | I23: =IF(COUNT(C23:D23)=1,"-->Verifique! Item QTDE ou PESO em branco","-") -> -
A24: Inalar/Absorver contaminantes | I24: =IF(COUNT(C24:D24)=1,"-->Verifique! Item QTDE ou PESO em branco","-") -> -
A25: Trabalho Sobreposto | I25: =IF(COUNT(C25:D25)=1,"-->Verifique! Item QTDE ou PESO em branco","-") -> -
A26: Ingerir contaminantes | I26: =IF(COUNT(C26:D26)=1,"-->Verifique! Item QTDE ou PESO em branco","-") -> -
A27: Postura inadequada | I27: =IF(COUNT(C27:D27)=1,"-->Verifique! Item QTDE ou PESO em branco","-") -> -
A28: Esforço inadequado | I28: =IF(COUNT(C28:D28)=1,"-->Verifique! Item QTDE ou PESO em branco","-") -> -
A29: Sub-total: | C29: =SUM(C19:C28) -> 0
A30: AÇÃO QUANDO OBSERVADO | C30: Qtd. | D30: Peso | E30: Comentário
A31: Mudança de posição | I31: =IF(COUNT(C31:D31)=1,"-->Verifique! Item QTDE ou PESO em branco","-") -> -
A32: Paraliza a atividade | I32: =IF(COUNT(C32:D32)=1,"-->Verifique! Item QTDE ou PESO em branco","-") -> -
A33: Ajusta o EPI | I33: =IF(COUNT(C33:D33)=1,"-->Verifique! Item QTDE ou PESO em branco","-") -> -
A34: Adequa o serviço | I34: =IF(COUNT(C34:D34)=1,"-->Verifique! Item QTDE ou PESO em branco","-") -> -
A35: Sub-total: | C35: =SUM(C31:C34) -> 0
A36: PROCEDIMENTOS | C36: Qtd. | D36: Peso | E36: Comentário
A37: Inadequados | I37: =IF(COUNT(C37:D37)=1,"-->Verifique! Item QTDE ou PESO em branco","-") -> -
A38: Não existem procedimentos escritos | I38: =IF(COUNT(C38:D38)=1,"-->Verifique! Item QTDE ou PESO em branco","-") -> -
A39: Adequados e não são seguidos | I39: =IF(COUNT(C39:D39)=1,"-->Verifique! Item QTDE ou PESO em branco","-") -> -
A40: Sub-total: | C40: =SUM(C37:C39) -> 0
A41: FERRAMENTAS E EQUIPAMENTOS | C41: Qtd. | D41: Peso | E41: Comentário
A42: Impróprio para o serviço | I42: =IF(COUNT(C42:D42)=1,"-->Verifique! Item QTDE ou PESO em branco","-") -> -
A43: Usados incorretamente | I43: =IF(COUNT(C43:D43)=1,"-->Verifique! Item QTDE ou PESO em branco","-") -> -
A44: Em condição inseguras | I44: =IF(COUNT(C44:D44)=1,"-->Verifique! Item QTDE ou PESO em branco","-") -> -
A45: Sub-total: | C45: =SUM(C42:C44) -> 0
A46: PADRÕES DE ORGANIZAÇÃO | C46: Qtd. | D46: Peso | E46: Comentário
A47: Local sujo/desorganizado | I47: =IF(COUNT(C47:D47)=1,"-->Verifique! Item QTDE ou PESO em branco","-") -> -
A48: Armazenamento inadequado | I48: =IF(COUNT(C48:D48)=1,"-->Verifique! Item QTDE ou PESO em branco","-") -> -
A49: Contaminação Ambiental | I49: =IF(COUNT(C49:D49)=1,"-->Verifique! Item QTDE ou PESO em branco","-") -> -
A50: Sub-total: | C50: =SUM(C47:C49) -> 0
A51: Resumo dos desvios
A52: Grau de Severidade | C52: Qtd Desvios por Severidade | F52: %
A53: 0.3 | C53: =SUMIF(D8:D16,0.3,C8:C16)+SUMIF(D19:D28,0.3,C19:C28)+SUMIF(D31:D34,0.3,C31:C34)+SUMIF(D37:D39,0.3,C37:C39)+SUMIF(D42:D44,0.3,C42:C44)+SUMIF(D47:D49,0.3,C47:C49) -> 0 | F53: =IF(C53>0,C53/$C$56,"-") -> -
A54: 1 | C54: =SUMIF(D8:D16,1,C8:C16)+SUMIF(D19:D28,1,C19:C28)+SUMIF(D31:D34,1,C31:C34)+SUMIF(D37:D39,1,C37:C39)+SUMIF(D42:D44,1,C42:C44)+SUMIF(D47:D49,1,C47:C49) -> 0 | F54: =IF(C54>0,C54/$C$56,"-") -> -
A55: 3 | C55: =SUMIF(D8:D16,3,C8:C16)+SUMIF(D19:D28,3,C19:C28)+SUMIF(D31:D34,3,C31:C34)+SUMIF(D37:D39,3,C37:C39)+SUMIF(D42:D44,3,C42:C44)+SUMIF(D47:D49,3,C47:C49) -> 0 | F55: =IF(C55>0,C55/$C$56,"-") -> -
A56: total | C56: =SUM(C53:E55) -> 0 | F56: =SUM(F53:H55) -> 0
A57: Resumo da auditoria
A58: Q= Total de desvios encontrados | F58: =C56 -> 0
A59: N= Total de Pessoas Observadas | F59: =H5 -> 0
A60: SD= ∑ Desvios Comportamentais x Severidade dos Desvios | F60: =(C53*A53)+(C54*A54)+(C55*A55) -> 0
A61: Nota Final IDS (%)
A62: IDS = 100 – (SD / N) * 100 | F62: =IF(F59>0,1-((F60/F59)),"-") -> -
A63: Pontos fortes
A69: Oportunidades de Melhorias
A76: NÃO APAGAR DESTA LINHA PARA BAIXO
A77: 0.3
A78: 1
A79: 3

Sheet seg (4)
A1: IDS - INDICADOR DE DESEMPENHO EM SEGURANÇA
A2: Local: | B2: ='seg (1)'!B2 -> CMPC | E2: Auditor Líder: | F2: ='seg (1)'!F2 -> HSE
A3: Contratada: | B3: ='seg (1)'!B3 -> 0 | E3: Auditor:
A4: Subcontratada: | B4: ='seg (1)'!B4 -> 0 | E4: Data:
A5: Acompanhante: | B5: ='seg (1)'!B5 -> 0 | E5: Hora: | G5: Nº de pessoas:
A6: GABARITO DE OBSERVAÇÃO
A7: USO DE EPI´S | C7: Qtd. | D7: Peso | E7: Comentário
A8: Capacete/Jugular | I8: =IF(COUNT(C8:D8)=1,"-->Verifique! Item QTDE ou PESO em branco","-") -> -
A9: Máscara Respiratória | I9: =IF(COUNT(C9:D9)=1,"-->Verifique! Item QTDE ou PESO em branco","-") -> -
A10: Óculos | I10: =IF(COUNT(C10:D10)=1,"-->Verifique! Item QTDE ou PESO em branco","-") -> -
A11: Protetor Facial | I11: =IF(COUNT(C11:D11)=1,"-->Verifique! Item QTDE ou PESO em branco","-") -> -
A12: Protetor Auricular | I12: =IF(COUNT(C12:D12)=1,"-->Verifique! Item QTDE ou PESO em branco","-") -> -
A13: Luvas | I13: =IF(COUNT(C13:D13)=1,"-->Verifique! Item QTDE ou PESO em branco","-") -> -
A14: Avental/jaleco | I14: =IF(COUNT(C14:D14)=1,"-->Verifique! Item QTDE ou PESO em branco","-") -> -
A15: Calçado de Segurança | I15: =IF(COUNT(C15:D15)=1,"-->Verifique! Item QTDE ou PESO em branco","-") -> -
A16: Cinto de Segurança | I16: =IF(COUNT(C16:D16)=1,"-->Verifique! Item QTDE ou PESO em branco","-") -> -
A17: Sub-total: | C17: =SUM(C8:C16) -> 0
A18: POSIÇÃO DAS PESSOAS | C18: Qtd. | D18: Peso | E18: Comentário
A19: Bater contra/Ser atingido por | I19: =IF(COUNT(C19:D19)=1,"-->Verifique! Item QTDE ou PESO em branco","-") -> -
A20: Ficar preso | I20: =IF(COUNT(C20:D20)=1,"-->Verifique! Item QTDE ou PESO em branco","-") -> -
A21: Risco de queda | I21: =IF(COUNT(C21:D21)=1,"-->Verifique! Item QTDE ou PESO em branco","-") -> -
A22: Risco de queimadura | I22: =IF(COUNT(C22:D22)=1,"-->Verifique! Item QTDE ou PESO em branco","-") -> -
A23: Risco de choque elétrico | I23: =IF(COUNT(C23:D23)=1,"-->Verifique! Item QTDE ou PESO em branco","-") -> -
A24: Inalar/Absorver contaminantes | I24: =IF(COUNT(C24:D24)=1,"-->Verifique! Item QTDE ou PESO em branco","-") -> -
A25: Trabalho Sobreposto | I25: =IF(COUNT(C25:D25)=1,"-->Verifique! Item QTDE ou PESO em branco","-") -> -
A26: Ingerir contaminantes | I26: =IF(COUNT(C26:D26)=1,"-->Verifique! Item QTDE ou PESO em branco","-") -> -
A27: Postura inadequada | I27: =IF(COUNT(C27:D27)=1,"-->Verifique! Item QTDE ou PESO em branco","-") -> -
A28: Esforço inadequado | I28: =IF(COUNT(C28:D28)=1,"-->Verifique! Item QTDE ou PESO em branco","-") -> -
A29: Sub-total: | C29: =SUM(C19:C28) -> 0
A30: AÇÃO QUANDO OBSERVADO | C30: Qtd. | D30: Peso | E30: Comentário
A31: Mudança de posição | I31: =IF(COUNT(C31:D31)=1,"-->Verifique! Item QTDE ou PESO em branco","-") -> -
A32: Paraliza a atividade | I32: =IF(COUNT(C32:D32)=1,"-->Verifique! Item QTDE ou PESO em branco","-") -> -
A33: Ajusta o EPI | I33: =IF(COUNT(C33:D33)=1,"-->Verifique! Item QTDE ou PESO em branco","-") -> -
A34: Adequa o serviço | I34: =IF(COUNT(C34:D34)=1,"-->Verifique! Item QTDE ou PESO em branco","-") -> -
A35: Sub-total: | C35: =SUM(C31:C34) -> 0
A36: PROCEDIMENTOS | C36: Qtd. | D36: Peso | E36: Comentário
A37: Inadequados | I37: =IF(COUNT(C37:D37)=1,"-->Verifique! Item QTDE ou PESO em branco","-") -> -
A38: Não existem procedimentos escritos | I38: =IF(COUNT(C38:D38)=1,"-->Verifique! Item QTDE ou PESO em branco","-") -> -
A39: Adequados e não são seguidos | I39: =IF(COUNT(C39:D39)=1,"-->Verifique! Item QTDE ou PESO em branco","-") -> -
A40: Sub-total: | C40: =SUM(C37:C39) -> 0
A41: FERRAMENTAS E EQUIPAMENTOS | C41: Qtd. | D41: Peso | E41: Comentário
A42: Impróprio para o serviço | I42: =IF(COUNT(C42:D42)=1,"-->Verifique! Item QTDE ou PESO em branco","-") -> -
A43: Usados incorretamente | I43: =IF(COUNT(C43:D43)=1,"-->Verifique! Item QTDE ou PESO em branco","-") -> -
A44: Em condição inseguras | I44: =IF(COUNT(C44:D44)=1,"-->Verifique! Item QTDE ou PESO em branco","-") -> -
A45: Sub-total: | C45: =SUM(C42:C44) -> 0
A46: PADRÕES DE ORGANIZAÇÃO | C46: Qtd. | D46: Peso | E46: Comentário
A47: Local sujo/desorganizado | I47: =IF(COUNT(C47:D47)=1,"-->Verifique! Item QTDE ou PESO em branco","-") -> -
A48: Armazenamento inadequado | I48: =IF(COUNT(C48:D48)=1,"-->Verifique! Item QTDE ou PESO em branco","-") -> -
A49: Contaminação Ambiental | I49: =IF(COUNT(C49:D49)=1,"-->Verifique! Item QTDE ou PESO em branco","-") -> -
A50: Sub-total: | C50: =SUM(C47:C49) -> 0
A51: Resumo dos desvios
A52: Grau de Severidade | C52: Qtd Desvios por Severidade | F52: %
A53: 0.3 | C53: =SUMIF(D8:D16,0.3,C8:C16)+SUMIF(D19:D28,0.3,C19:C28)+SUMIF(D31:D34,0.3,C31:C34)+SUMIF(D37:D39,0.3,C37:C39)+SUMIF(D42:D44,0.3,C42:C44)+SUMIF(D47:D49,0.3,C47:C49) -> 0 | F53: =IF(C53>0,C53/$C$56,"-") -> -
A54: 1 | C54: =SUMIF(D8:D16,1,C8:C16)+SUMIF(D19:D28,1,C19:C28)+SUMIF(D31:D34,1,C31:C34)+SUMIF(D37:D39,1,C37:C39)+SUMIF(D42:D44,1,C42:C44)+SUMIF(D47:D49,1,C47:C49) -> 0 | F54: =IF(C54>0,C54/$C$56,"-") -> -
A55: 3 | C55: =SUMIF(D8:D16,3,C8:C16)+SUMIF(D19:D28,3,C19:C28)+SUMIF(D31:D34,3,C31:C34)+SUMIF(D37:D39,3,C37:C39)+SUMIF(D42:D44,3,C42:C44)+SUMIF(D47:D49,3,C47:C49) -> 0 | F55: =IF(C55>0,C55/$C$56,"-") -> -
A56: total | C56: =SUM(C53:E55) -> 0 | F56: =SUM(F53:H55) -> 0
A57: Resumo da auditoria
A58: Q= Total de desvios encontrados | F58: =C56 -> 0
A59: N= Total de Pessoas Observadas | F59: =H5 -> 0
A60: SD= ∑ Desvios Comportamentais x Severidade dos Desvios | F60: =(C53*A53)+(C54*A54)+(C55*A55) -> 0
A61: Nota Final IDS (%)
A62: IDS = 100 – (SD / N) * 100 | F62: =IF(F59>0,1-((F60/F59)),"-") -> -
A63: Pontos fortes
A69: Oportunidades de Melhorias
A76: NÃO APAGAR DESTA LINHA PARA BAIXO
A77: 0.3
A78: 1
A79: 3

Sheet ter (4)
A1: IDS - INDICADOR DE DESEMPENHO EM SEGURANÇA
A2: Local: | B2: ='seg (1)'!B2 -> CMPC | E2: Auditor Líder: | F2: ='seg (1)'!F2 -> HSE
A3: Contratada: | B3: ='seg (1)'!B3 -> 0 | E3: Auditor:
A4: Subcontratada: | B4: ='seg (1)'!B4 -> 0 | E4: Data:
A5: Acompanhante: | B5: ='seg (1)'!B5 -> 0 | E5: Hora: | G5: Nº de pessoas:
A6: GABARITO DE OBSERVAÇÃO
A7: USO DE EPI´S | C7: Qtd. | D7: Peso | E7: Comentário
A8: Capacete/Jugular | I8: =IF(COUNT(C8:D8)=1,"-->Verifique! Item QTDE ou PESO em branco","-") -> -
A9: Máscara Respiratória | I9: =IF(COUNT(C9:D9)=1,"-->Verifique! Item QTDE ou PESO em branco","-") -> -
A10: Óculos | I10: =IF(COUNT(C10:D10)=1,"-->Verifique! Item QTDE ou PESO em branco","-") -> -
A11: Protetor Facial | I11: =IF(COUNT(C11:D11)=1,"-->Verifique! Item QTDE ou PESO em branco","-") -> -
A12: Protetor Auricular | I12: =IF(COUNT(C12:D12)=1,"-->Verifique! Item QTDE ou PESO em branco","-") -> -
A13: Luvas | I13: =IF(COUNT(C13:D13)=1,"-->Verifique! Item QTDE ou PESO em branco","-") -> -
A14: Avental/jaleco | I14: =IF(COUNT(C14:D14)=1,"-->Verifique! Item QTDE ou PESO em branco","-") -> -
A15: Calçado de Segurança | I15: =IF(COUNT(C15:D15)=1,"-->Verifique! Item QTDE ou PESO em branco","-") -> -
A16: Cinto de Segurança | I16: =IF(COUNT(C16:D16)=1,"-->Verifique! Item QTDE ou PESO em branco","-") -> -
A17: Sub-total: | C17: =SUM(C8:C16) -> 0
A18: POSIÇÃO DAS PESSOAS | C18: Qtd. | D18: Peso | E18: Comentário
A19: Bater contra/Ser atingido por | I19: =IF(COUNT(C19:D19)=1,"-->Verifique! Item QTDE ou PESO em branco","-") -> -
A20: Ficar preso | I20: =IF(COUNT(C20:D20)=1,"-->Verifique! Item QTDE ou PESO em branco","-") -> -
A21: Risco de queda | I21: =IF(COUNT(C21:D21)=1,"-->Verifique! Item QTDE ou PESO em branco","-") -> -
A22: Risco de queimadura | I22: =IF(COUNT(C22:D22)=1,"-->Verifique! Item QTDE ou PESO em branco","-") -> -
A23: Risco de choque elétrico | I23: =IF(COUNT(C23:D23)=1,"-->Verifique! Item QTDE ou PESO em branco","-") -> -
A24: Inalar/Absorver contaminantes | I24: =IF(COUNT(C24:D24)=1,"-->Verifique! Item QTDE ou PESO em branco","-") -> -
A25: Trabalho Sobreposto | I25: =IF(COUNT(C25:D25)=1,"-->Verifique! Item QTDE ou PESO em branco","-") -> -
A26: Ingerir contaminantes | I26: =IF(COUNT(C26:D26)=1,"-->Verifique! Item QTDE ou PESO em branco","-") -> -
A27: Postura inadequada | I27: =IF(COUNT(C27:D27)=1,"-->Verifique! Item QTDE ou PESO em branco","-") -> -
A28: Esforço inadequado | I28: =IF(COUNT(C28:D28)=1,"-->Verifique! Item QTDE ou PESO em branco","-") -> -
A29: Sub-total: | C29: =SUM(C19:C28) -> 0
A30: AÇÃO QUANDO OBSERVADO | C30: Qtd. | D30: Peso | E30: Comentário
A31: Mudança de posição | I31: =IF(COUNT(C31:D31)=1,"-->Verifique! Item QTDE ou PESO em branco","-") -> -
A32: Paraliza a atividade | I32: =IF(COUNT(C32:D32)=1,"-->Verifique! Item QTDE ou PESO em branco","-") -> -
A33: Ajusta o EPI | I33: =IF(COUNT(C33:D33)=1,"-->Verifique! Item QTDE ou PESO em branco","-") -> -
A34: Adequa o serviço | I34: =IF(COUNT(C34:D34)=1,"-->Verifique! Item QTDE ou PESO em branco","-") -> -
A35: Sub-total: | C35: =SUM(C31:C34) -> 0
A36: PROCEDIMENTOS | C36: Qtd. | D36: Peso | E36: Comentário
A37: Inadequados | I37: =IF(COUNT(C37:D37)=1,"-->Verifique! Item QTDE ou PESO em branco","-") -> -
A38: Não existem procedimentos escritos | I38: =IF(COUNT(C38:D38)=1,"-->Verifique! Item QTDE ou PESO em branco","-") -> -
A39: Adequados e não são seguidos | I39: =IF(COUNT(C39:D39)=1,"-->Verifique! Item QTDE ou PESO em branco","-") -> -
A40: Sub-total: | C40: =SUM(C37:C39) -> 0
A41: FERRAMENTAS E EQUIPAMENTOS | C41: Qtd. | D41: Peso | E41: Comentário
A42: Impróprio para o serviço | I42: =IF(COUNT(C42:D42)=1,"-->Verifique! Item QTDE ou PESO em branco","-") -> -
A43: Usados incorretamente | I43: =IF(COUNT(C43:D43)=1,"-->Verifique! Item QTDE ou PESO em branco","-") -> -
A44: Em condição inseguras | I44: =IF(COUNT(C44:D44)=1,"-->Verifique! Item QTDE ou PESO em branco","-") -> -
A45: Sub-total: | C45: =SUM(C42:C44) -> 0
A46: PADRÕES DE ORGANIZAÇÃO | C46: Qtd. | D46: Peso | E46: Comentário
A47: Local sujo/desorganizado | I47: =IF(COUNT(C47:D47)=1,"-->Verifique! Item QTDE ou PESO em branco","-") -> -
A48: Armazenamento inadequado | I48: =IF(COUNT(C48:D48)=1,"-->Verifique! Item QTDE ou PESO em branco","-") -> -
A49: Contaminação Ambiental | I49: =IF(COUNT(C49:D49)=1,"-->Verifique! Item QTDE ou PESO em branco","-") -> -
A50: Sub-total: | C50: =SUM(C47:C49) -> 0
A51: Resumo dos desvios
A52: Grau de Severidade | C52: Qtd Desvios por Severidade | F52: %
A53: 0.3 | C53: =SUMIF(D8:D16,0.3,C8:C16)+SUMIF(D19:D28,0.3,C19:C28)+SUMIF(D31:D34,0.3,C31:C34)+SUMIF(D37:D39,0.3,C37:C39)+SUMIF(D42:D44,0.3,C42:C44)+SUMIF(D47:D49,0.3,C47:C49) -> 0 | F53: =IF(C53>0,C53/$C$56,"-") -> -
A54: 1 | C54: =SUMIF(D8:D16,1,C8:C16)+SUMIF(D19:D28,1,C19:C28)+SUMIF(D31:D34,1,C31:C34)+SUMIF(D37:D39,1,C37:C39)+SUMIF(D42:D44,1,C42:C44)+SUMIF(D47:D49,1,C47:C49) -> 0 | F54: =IF(C54>0,C54/$C$56,"-") -> -
A55: 3 | C55: =SUMIF(D8:D16,3,C8:C16)+SUMIF(D19:D28,3,C19:C28)+SUMIF(D31:D34,3,C31:C34)+SUMIF(D37:D39,3,C37:C39)+SUMIF(D42:D44,3,C42:C44)+SUMIF(D47:D49,3,C47:C49) -> 0 | F55: =IF(C55>0,C55/$C$56,"-") -> -
A56: total | C56: =SUM(C53:E55) -> 0 | F56: =SUM(F53:H55) -> 0
A57: Resumo da auditoria
A58: Q= Total de desvios encontrados | F58: =C56 -> 0
A59: N= Total de Pessoas Observadas | F59: =H5 -> 0
A60: SD= ∑ Desvios Comportamentais x Severidade dos Desvios | F60: =(C53*A53)+(C54*A54)+(C55*A55) -> 0
A61: Nota Final IDS (%)
A62: IDS = 100 – (SD / N) * 100 | F62: =IF(F59>0,1-((F60/F59)),"-") -> -
A63: Pontos fortes
A69: Oportunidades de Melhorias
A76: NÃO APAGAR DESTA LINHA PARA BAIXO
A77: 0.3
A78: 1
A79: 3

Sheet qua (4)
A1: IDS - INDICADOR DE DESEMPENHO EM SEGURANÇA
A2: Local: | B2: ='seg (1)'!B2 -> CMPC | E2: Auditor Líder: | F2: ='seg (1)'!F2 -> HSE
A3: Contratada: | B3: ='seg (1)'!B3 -> 0 | E3: Auditor:
A4: Subcontratada: | B4: ='seg (1)'!B4 -> 0 | E4: Data:
A5: Acompanhante: | B5: ='seg (1)'!B5 -> 0 | E5: Hora: | G5: Nº de pessoas:
A6: GABARITO DE OBSERVAÇÃO
A7: USO DE EPI´S | C7: Qtd. | D7: Peso | E7: Comentário
A8: Capacete/Jugular | I8: =IF(COUNT(C8:D8)=1,"-->Verifique! Item QTDE ou PESO em branco","-") -> -
A9: Máscara Respiratória | I9: =IF(COUNT(C9:D9)=1,"-->Verifique! Item QTDE ou PESO em branco","-") -> -
A10: Óculos | I10: =IF(COUNT(C10:D10)=1,"-->Verifique! Item QTDE ou PESO em branco","-") -> -
A11: Protetor Facial | I11: =IF(COUNT(C11:D11)=1,"-->Verifique! Item QTDE ou PESO em branco","-") -> -
A12: Protetor Auricular | I12: =IF(COUNT(C12:D12)=1,"-->Verifique! Item QTDE ou PESO em branco","-") -> -
A13: Luvas | I13: =IF(COUNT(C13:D13)=1,"-->Verifique! Item QTDE ou PESO em branco","-") -> -
A14: Avental/jaleco | I14: =IF(COUNT(C14:D14)=1,"-->Verifique! Item QTDE ou PESO em branco","-") -> -
A15: Calçado de Segurança | I15: =IF(COUNT(C15:D15)=1,"-->Verifique! Item QTDE ou PESO em branco","-") -> -
A16: Cinto de Segurança | I16: =IF(COUNT(C16:D16)=1,"-->Verifique! Item QTDE ou PESO em branco","-") -> -
A17: Sub-total: | C17: =SUM(C8:C16) -> 0
A18: POSIÇÃO DAS PESSOAS | C18: Qtd. | D18: Peso | E18: Comentário
A19: Bater contra/Ser atingido por | I19: =IF(COUNT(C19:D19)=1,"-->Verifique! Item QTDE ou PESO em branco","-") -> -
A20: Ficar preso | I20: =IF(COUNT(C20:D20)=1,"-->Verifique! Item QTDE ou PESO em branco","-") -> -
A21: Risco de queda | I21: =IF(COUNT(C21:D21)=1,"-->Verifique! Item QTDE ou PESO em branco","-") -> -
A22: Risco de queimadura | I22: =IF(COUNT(C22:D22)=1,"-->Verifique! Item QTDE ou PESO em branco","-") -> -
A23: Risco de choque elétrico | I23: =IF(COUNT(C23:D23)=1,"-->Verifique! Item QTDE ou PESO em branco","-") -> -
A24: Inalar/Absorver contaminantes | I24: =IF(COUNT(C24:D24)=1,"-->Verifique! Item QTDE ou PESO em branco","-") -> -
A25: Trabalho Sobreposto | I25: =IF(COUNT(C25:D25)=1,"-->Verifique! Item QTDE ou PESO em branco","-") -> -
A26: Ingerir contaminantes | I26: =IF(COUNT(C26:D26)=1,"-->Verifique! Item QTDE ou PESO em branco","-") -> -
A27: Postura inadequada | I27: =IF(COUNT(C27:D27)=1,"-->Verifique! Item QTDE ou PESO em branco","-") -> -
A28: Esforço inadequado | I28: =IF(COUNT(C28:D28)=1,"-->Verifique! Item QTDE ou PESO em branco","-") -> -
A29: Sub-total: | C29: =SUM(C19:C28) -> 0
A30: AÇÃO QUANDO OBSERVADO | C30: Qtd. | D30: Peso | E30: Comentário
A31: Mudança de posição | I31: =IF(COUNT(C31:D31)=1,"-->Verifique! Item QTDE ou PESO em branco","-") -> -
A32: Paraliza a atividade | I32: =IF(COUNT(C32:D32)=1,"-->Verifique! Item QTDE ou PESO em branco","-") -> -
A33: Ajusta o EPI | I33: =IF(COUNT(C33:D33)=1,"-->Verifique! Item QTDE ou PESO em branco","-") -> -
A34: Adequa o serviço | I34: =IF(COUNT(C34:D34)=1,"-->Verifique! Item QTDE ou PESO em branco","-") -> -
A35: Sub-total: | C35: =SUM(C31:C34) -> 0
A36: PROCEDIMENTOS | C36: Qtd. | D36: Peso | E36: Comentário
A37: Inadequados | I37: =IF(COUNT(C37:D37)=1,"-->Verifique! Item QTDE ou PESO em branco","-") -> -
A38: Não existem procedimentos escritos | I38: =IF(COUNT(C38:D38)=1,"-->Verifique! Item QTDE ou PESO em branco","-") -> -
A39: Adequados e não são seguidos | I39: =IF(COUNT(C39:D39)=1,"-->Verifique! Item QTDE ou PESO em branco","-") -> -
A40: Sub-total: | C40: =SUM(C37:C39) -> 0
A41: FERRAMENTAS E EQUIPAMENTOS | C41: Qtd. | D41: Peso | E41: Comentário
A42: Impróprio para o serviço | I42: =IF(COUNT(C42:D42)=1,"-->Verifique! Item QTDE ou PESO em branco","-") -> -
A43: Usados incorretamente | I43: =IF(COUNT(C43:D43)=1,"-->Verifique! Item QTDE ou PESO em branco","-") -> -
A44: Em condição inseguras | I44: =IF(COUNT(C44:D44)=1,"-->Verifique! Item QTDE ou PESO em branco","-") -> -
A45: Sub-total: | C45: =SUM(C42:C44) -> 0
A46: PADRÕES DE ORGANIZAÇÃO | C46: Qtd. | D46: Peso | E46: Comentário
A47: Local sujo/desorganizado | I47: =IF(COUNT(C47:D47)=1,"-->Verifique! Item QTDE ou PESO em branco","-") -> -
A48: Armazenamento inadequado | I48: =IF(COUNT(C48:D48)=1,"-->Verifique! Item QTDE ou PESO em branco","-") -> -
A49: Contaminação Ambiental | I49: =IF(COUNT(C49:D49)=1,"-->Verifique! Item QTDE ou PESO em branco","-") -> -
A50: Sub-total: | C50: =SUM(C47:C49) -> 0
A51: Resumo dos desvios
A52: Grau de Severidade | C52: Qtd Desvios por Severidade | F52: %
A53: 0.3 | C53: =SUMIF(D8:D16,0.3,C8:C16)+SUMIF(D19:D28,0.3,C19:C28)+SUMIF(D31:D34,0.3,C31:C34)+SUMIF(D37:D39,0.3,C37:C39)+SUMIF(D42:D44,0.3,C42:C44)+SUMIF(D47:D49,0.3,C47:C49) -> 0 | F53: =IF(C53>0,C53/$C$56,"-") -> -
A54: 1 | C54: =SUMIF(D8:D16,1,C8:C16)+SUMIF(D19:D28,1,C19:C28)+SUMIF(D31:D34,1,C31:C34)+SUMIF(D37:D39,1,C37:C39)+SUMIF(D42:D44,1,C42:C44)+SUMIF(D47:D49,1,C47:C49) -> 0 | F54: =IF(C54>0,C54/$C$56,"-") -> -
A55: 3 | C55: =SUMIF(D8:D16,3,C8:C16)+SUMIF(D19:D28,3,C19:C28)+SUMIF(D31:D34,3,C31:C34)+SUMIF(D37:D39,3,C37:C39)+SUMIF(D42:D44,3,C42:C44)+SUMIF(D47:D49,3,C47:C49) -> 0 | F55: =IF(C55>0,C55/$C$56,"-") -> -
A56: total | C56: =SUM(C53:E55) -> 0 | F56: =SUM(F53:H55) -> 0
A57: Resumo da auditoria
A58: Q= Total de desvios encontrados | F58: =C56 -> 0
A59: N= Total de Pessoas Observadas | F59: =H5 -> 0
A60: SD= ∑ Desvios Comportamentais x Severidade dos Desvios | F60: =(C53*A53)+(C54*A54)+(C55*A55) -> 0
A61: Nota Final IDS (%)
A62: IDS = 100 – (SD / N) * 100 | F62: =IF(F59>0,1-((F60/F59)),"-") -> -
A63: Pontos fortes
A69: Oportunidades de Melhorias
A76: NÃO APAGAR DESTA LINHA PARA BAIXO
A77: 0.3
A78: 1
A79: 3

Sheet qui (4)
A1: IDS - INDICADOR DE DESEMPENHO EM SEGURANÇA
A2: Local: | B2: ='seg (1)'!B2 -> CMPC | E2: Auditor Líder: | F2: ='seg (1)'!F2 -> HSE
A3: Contratada: | B3: ='seg (1)'!B3 -> 0 | E3: Auditor:
A4: Subcontratada: | B4: ='seg (1)'!B4 -> 0 | E4: Data:
A5: Acompanhante: | B5: ='seg (1)'!B5 -> 0 | E5: Hora: | G5: Nº de pessoas:
A6: GABARITO DE OBSERVAÇÃO
A7: USO DE EPI´S | C7: Qtd. | D7: Peso | E7: Comentário
A8: Capacete/Jugular | I8: =IF(COUNT(C8:D8)=1,"-->Verifique! Item QTDE ou PESO em branco","-") -> -
A9: Máscara Respiratória | I9: =IF(COUNT(C9:D9)=1,"-->Verifique! Item QTDE ou PESO em branco","-") -> -
A10: Óculos | I10: =IF(COUNT(C10:D10)=1,"-->Verifique! Item QTDE ou PESO em branco","-") -> -
A11: Protetor Facial | I11: =IF(COUNT(C11:D11)=1,"-->Verifique! Item QTDE ou PESO em branco","-") -> -
A12: Protetor Auricular | I12: =IF(COUNT(C12:D12)=1,"-->Verifique! Item QTDE ou PESO em branco","-") -> -
A13: Luvas | I13: =IF(COUNT(C13:D13)=1,"-->Verifique! Item QTDE ou PESO em branco","-") -> -
A14: Avental/jaleco | I14: =IF(COUNT(C14:D14)=1,"-->Verifique! Item QTDE ou PESO em branco","-") -> -
A15: Calçado de Segurança | I15: =IF(COUNT(C15:D15)=1,"-->Verifique! Item QTDE ou PESO em branco","-") -> -
A16: Cinto de Segurança | I16: =IF(COUNT(C16:D16)=1,"-->Verifique! Item QTDE ou PESO em branco","-") -> -
A17: Sub-total: | C17: =SUM(C8:C16) -> 0
A18: POSIÇÃO DAS PESSOAS | C18: Qtd. | D18: Peso | E18: Comentário
A19: Bater contra/Ser atingido por | I19: =IF(COUNT(C19:D19)=1,"-->Verifique! Item QTDE ou PESO em branco","-") -> -
A20: Ficar preso | I20: =IF(COUNT(C20:D20)=1,"-->Verifique! Item QTDE ou PESO em branco","-") -> -
A21: Risco de queda | I21: =IF(COUNT(C21:D21)=1,"-->Verifique! Item QTDE ou PESO em branco","-") -> -
A22: Risco de queimadura | I22: =IF(COUNT(C22:D22)=1,"-->Verifique! Item QTDE ou PESO em branco","-") -> -
A23: Risco de choque elétrico | I23: =IF(COUNT(C23:D23)=1,"-->Verifique! Item QTDE ou PESO em branco","-") -> -
A24: Inalar/Absorver contaminantes | I24: =IF(COUNT(C24:D24)=1,"-->Verifique! Item QTDE ou PESO em branco","-") -> -
A25: Trabalho Sobreposto | I25: =IF(COUNT(C25:D25)=1,"-->Verifique! Item QTDE ou PESO em branco","-") -> -
A26: Ingerir contaminantes | I26: =IF(COUNT(C26:D26)=1,"-->Verifique! Item QTDE ou PESO em branco","-") -> -
A27: Postura inadequada | I27: =IF(COUNT(C27:D27)=1,"-->Verifique! Item QTDE ou PESO em branco","-") -> -
A28: Esforço inadequado | I28: =IF(COUNT(C28:D28)=1,"-->Verifique! Item QTDE ou PESO em branco","-") -> -
A29: Sub-total: | C29: =SUM(C19:C28) -> 0
A30: AÇÃO QUANDO OBSERVADO | C30: Qtd. | D30: Peso | E30: Comentário
A31: Mudança de posição | I31: =IF(COUNT(C31:D31)=1,"-->Verifique! Item QTDE ou PESO em branco","-") -> -
A32: Paraliza a atividade | I32: =IF(COUNT(C32:D32)=1,"-->Verifique! Item QTDE ou PESO em branco","-") -> -
A33: Ajusta o EPI | I33: =IF(COUNT(C33:D33)=1,"-->Verifique! Item QTDE ou PESO em branco","-") -> -
A34: Adequa o serviço | I34: =IF(COUNT(C34:D34)=1,"-->Verifique! Item QTDE ou PESO em branco","-") -> -
A35: Sub-total: | C35: =SUM(C31:C34) -> 0
A36: PROCEDIMENTOS | C36: Qtd. | D36: Peso | E36: Comentário
A37: Inadequados | I37: =IF(COUNT(C37:D37)=1,"-->Verifique! Item QTDE ou PESO em branco","-") -> -
A38: Não existem procedimentos escritos | I38: =IF(COUNT(C38:D38)=1,"-->Verifique! Item QTDE ou PESO em branco","-") -> -
A39: Adequados e não são seguidos | I39: =IF(COUNT(C39:D39)=1,"-->Verifique! Item QTDE ou PESO em branco","-") -> -
A40: Sub-total: | C40: =SUM(C37:C39) -> 0
A41: FERRAMENTAS E EQUIPAMENTOS | C41: Qtd. | D41: Peso | E41: Comentário
A42: Impróprio para o serviço | I42: =IF(COUNT(C42:D42)=1,"-->Verifique! Item QTDE ou PESO em branco","-") -> -
A43: Usados incorretamente | I43: =IF(COUNT(C43:D43)=1,"-->Verifique! Item QTDE ou PESO em branco","-") -> -
A44: Em condição inseguras | I44: =IF(COUNT(C44:D44)=1,"-->Verifique! Item QTDE ou PESO em branco","-") -> -
A45: Sub-total: | C45: =SUM(C42:C44) -> 0
A46: PADRÕES DE ORGANIZAÇÃO | C46: Qtd. | D46: Peso | E46: Comentário
A47: Local sujo/desorganizado | I47: =IF(COUNT(C47:D47)=1,"-->Verifique! Item QTDE ou PESO em branco","-") -> -
A48: Armazenamento inadequado | I48: =IF(COUNT(C48:D48)=1,"-->Verifique! Item QTDE ou PESO em branco","-") -> -
A49: Contaminação Ambiental | I49: =IF(COUNT(C49:D49)=1,"-->Verifique! Item QTDE ou PESO em branco","-") -> -
A50: Sub-total: | C50: =SUM(C47:C49) -> 0
A51: Resumo dos desvios
A52: Grau de Severidade | C52: Qtd Desvios por Severidade | F52: %
A53: 0.3 | C53: =SUMIF(D8:D16,0.3,C8:C16)+SUMIF(D19:D28,0.3,C19:C28)+SUMIF(D31:D34,0.3,C31:C34)+SUMIF(D37:D39,0.3,C37:C39)+SUMIF(D42:D44,0.3,C42:C44)+SUMIF(D47:D49,0.3,C47:C49) -> 0 | F53: =IF(C53>0,C53/$C$56,"-") -> -
A54: 1 | C54: =SUMIF(D8:D16,1,C8:C16)+SUMIF(D19:D28,1,C19:C28)+SUMIF(D31:D34,1,C31:C34)+SUMIF(D37:D39,1,C37:C39)+SUMIF(D42:D44,1,C42:C44)+SUMIF(D47:D49,1,C47:C49) -> 0 | F54: =IF(C54>0,C54/$C$56,"-") -> -
A55: 3 | C55: =SUMIF(D8:D16,3,C8:C16)+SUMIF(D19:D28,3,C19:C28)+SUMIF(D31:D34,3,C31:C34)+SUMIF(D37:D39,3,C37:C39)+SUMIF(D42:D44,3,C42:C44)+SUMIF(D47:D49,3,C47:C49) -> 0 | F55: =IF(C55>0,C55/$C$56,"-") -> -
A56: total | C56: =SUM(C53:E55) -> 0 | F56: =SUM(F53:H55) -> 0
A57: Resumo da auditoria
A58: Q= Total de desvios encontrados | F58: =C56 -> 0
A59: N= Total de Pessoas Observadas | F59: =H5 -> 0
A60: SD= ∑ Desvios Comportamentais x Severidade dos Desvios | F60: =(C53*A53)+(C54*A54)+(C55*A55) -> 0
A61: Nota Final IDS (%)
A62: IDS = 100 – (SD / N) * 100 | F62: =IF(F59>0,1-((F60/F59)),"-") -> -
A63: Pontos fortes
A69: Oportunidades de Melhorias
A76: NÃO APAGAR DESTA LINHA PARA BAIXO
A77: 0.3
A78: 1
A79: 3

Sheet sex (4)
A1: IDS - INDICADOR DE DESEMPENHO EM SEGURANÇA
A2: Local: | B2: ='seg (1)'!B2 -> CMPC | E2: Auditor Líder: | F2: ='seg (1)'!F2 -> HSE
A3: Contratada: | B3: ='seg (1)'!B3 -> 0 | E3: Auditor:
A4: Subcontratada: | B4: ='seg (1)'!B4 -> 0 | E4: Data:
A5: Acompanhante: | B5: ='seg (1)'!B5 -> 0 | E5: Hora: | G5: Nº de pessoas:
A6: GABARITO DE OBSERVAÇÃO
A7: USO DE EPI´S | C7: Qtd. | D7: Peso | E7: Comentário
A8: Capacete/Jugular | I8: =IF(COUNT(C8:D8)=1,"-->Verifique! Item QTDE ou PESO em branco","-") -> -
A9: Máscara Respiratória | I9: =IF(COUNT(C9:D9)=1,"-->Verifique! Item QTDE ou PESO em branco","-") -> -
A10: Óculos | I10: =IF(COUNT(C10:D10)=1,"-->Verifique! Item QTDE ou PESO em branco","-") -> -
A11: Protetor Facial | I11: =IF(COUNT(C11:D11)=1,"-->Verifique! Item QTDE ou PESO em branco","-") -> -
A12: Protetor Auricular | I12: =IF(COUNT(C12:D12)=1,"-->Verifique! Item QTDE ou PESO em branco","-") -> -
A13: Luvas | I13: =IF(COUNT(C13:D13)=1,"-->Verifique! Item QTDE ou PESO em branco","-") -> -
A14: Avental/jaleco | I14: =IF(COUNT(C14:D14)=1,"-->Verifique! Item QTDE ou PESO em branco","-") -> -
A15: Calçado de Segurança | I15: =IF(COUNT(C15:D15)=1,"-->Verifique! Item QTDE ou PESO em branco","-") -> -
A16: Cinto de Segurança | I16: =IF(COUNT(C16:D16)=1,"-->Verifique! Item QTDE ou PESO em branco","-") -> -
A17: Sub-total: | C17: =SUM(C8:C16) -> 0
A18: POSIÇÃO DAS PESSOAS | C18: Qtd. | D18: Peso | E18: Comentário
A19: Bater contra/Ser atingido por | I19: =IF(COUNT(C19:D19)=1,"-->Verifique! Item QTDE ou PESO em branco","-") -> -
A20: Ficar preso | I20: =IF(COUNT(C20:D20)=1,"-->Verifique! Item QTDE ou PESO em branco","-") -> -
A21: Risco de queda | I21: =IF(COUNT(C21:D21)=1,"-->Verifique! Item QTDE ou PESO em branco","-") -> -
A22: Risco de queimadura | I22: =IF(COUNT(C22:D22)=1,"-->Verifique! Item QTDE ou PESO em branco","-") -> -
A23: Risco de choque elétrico | I23: =IF(COUNT(C23:D23)=1,"-->Verifique! Item QTDE ou PESO em branco","-") -> -
A24: Inalar/Absorver contaminantes | I24: =IF(COUNT(C24:D24)=1,"-->Verifique! Item QTDE ou PESO em branco","-") -> -
A25: Trabalho Sobreposto | I25: =IF(COUNT(C25:D25)=1,"-->Verifique! Item QTDE ou PESO em branco","-") -> -
A26: Ingerir contaminantes | I26: =IF(COUNT(C26:D26)=1,"-->Verifique! Item QTDE ou PESO em branco","-") -> -
A27: Postura inadequada | I27: =IF(COUNT(C27:D27)=1,"-->Verifique! Item QTDE ou PESO em branco","-") -> -
A28: Esforço inadequado | I28: =IF(COUNT(C28:D28)=1,"-->Verifique! Item QTDE ou PESO em branco","-") -> -
A29: Sub-total: | C29: =SUM(C19:C28) -> 0
A30: AÇÃO QUANDO OBSERVADO | C30: Qtd. | D30: Peso | E30: Comentário
A31: Mudança de posição | I31: =IF(COUNT(C31:D31)=1,"-->Verifique! Item QTDE ou PESO em branco","-") -> -
A32: Paraliza a atividade | I32: =IF(COUNT(C32:D32)=1,"-->Verifique! Item QTDE ou PESO em branco","-") -> -
A33: Ajusta o EPI | I33: =IF(COUNT(C33:D33)=1,"-->Verifique! Item QTDE ou PESO em branco","-") -> -
A34: Adequa o serviço | I34: =IF(COUNT(C34:D34)=1,"-->Verifique! Item QTDE ou PESO em branco","-") -> -
A35: Sub-total: | C35: =SUM(C31:C34) -> 0
A36: PROCEDIMENTOS | C36: Qtd. | D36: Peso | E36: Comentário
A37: Inadequados | I37: =IF(COUNT(C37:D37)=1,"-->Verifique! Item QTDE ou PESO em branco","-") -> -
A38: Não existem procedimentos escritos | I38: =IF(COUNT(C38:D38)=1,"-->Verifique! Item QTDE ou PESO em branco","-") -> -
A39: Adequados e não são seguidos | I39: =IF(COUNT(C39:D39)=1,"-->Verifique! Item QTDE ou PESO em branco","-") -> -
A40: Sub-total: | C40: =SUM(C37:C39) -> 0
A41: FERRAMENTAS E EQUIPAMENTOS | C41: Qtd. | D41: Peso | E41: Comentário
A42: Impróprio para o serviço | I42: =IF(COUNT(C42:D42)=1,"-->Verifique! Item QTDE ou PESO em branco","-") -> -
A43: Usados incorretamente | I43: =IF(COUNT(C43:D43)=1,"-->Verifique! Item QTDE ou PESO em branco","-") -> -
A44: Em condição inseguras | I44: =IF(COUNT(C44:D44)=1,"-->Verifique! Item QTDE ou PESO em branco","-") -> -
A45: Sub-total: | C45: =SUM(C42:C44) -> 0
A46: PADRÕES DE ORGANIZAÇÃO | C46: Qtd. | D46: Peso | E46: Comentário
A47: Local sujo/desorganizado | I47: =IF(COUNT(C47:D47)=1,"-->Verifique! Item QTDE ou PESO em branco","-") -> -
A48: Armazenamento inadequado | I48: =IF(COUNT(C48:D48)=1,"-->Verifique! Item QTDE ou PESO em branco","-") -> -
A49: Contaminação Ambiental | I49: =IF(COUNT(C49:D49)=1,"-->Verifique! Item QTDE ou PESO em branco","-") -> -
A50: Sub-total: | C50: =SUM(C47:C49) -> 0
A51: Resumo dos desvios
A52: Grau de Severidade | C52: Qtd Desvios por Severidade | F52: %
A53: 0.3 | C53: =SUMIF(D8:D16,0.3,C8:C16)+SUMIF(D19:D28,0.3,C19:C28)+SUMIF(D31:D34,0.3,C31:C34)+SUMIF(D37:D39,0.3,C37:C39)+SUMIF(D42:D44,0.3,C42:C44)+SUMIF(D47:D49,0.3,C47:C49) -> 0 | F53: =IF(C53>0,C53/$C$56,"-") -> -
A54: 1 | C54: =SUMIF(D8:D16,1,C8:C16)+SUMIF(D19:D28,1,C19:C28)+SUMIF(D31:D34,1,C31:C34)+SUMIF(D37:D39,1,C37:C39)+SUMIF(D42:D44,1,C42:C44)+SUMIF(D47:D49,1,C47:C49) -> 0 | F54: =IF(C54>0,C54/$C$56,"-") -> -
A55: 3 | C55: =SUMIF(D8:D16,3,C8:C16)+SUMIF(D19:D28,3,C19:C28)+SUMIF(D31:D34,3,C31:C34)+SUMIF(D37:D39,3,C37:C39)+SUMIF(D42:D44,3,C42:C44)+SUMIF(D47:D49,3,C47:C49) -> 0 | F55: =IF(C55>0,C55/$C$56,"-") -> -
A56: total | C56: =SUM(C53:E55) -> 0 | F56: =SUM(F53:H55) -> 0
A57: Resumo da auditoria
A58: Q= Total de desvios encontrados | F58: =C56 -> 0
A59: N= Total de Pessoas Observadas | F59: =H5 -> 0
A60: SD= ∑ Desvios Comportamentais x Severidade dos Desvios | F60: =(C53*A53)+(C54*A54)+(C55*A55) -> 0
A61: Nota Final IDS (%)
A62: IDS = 100 – (SD / N) * 100 | F62: =IF(F59>0,1-((F60/F59)),"-") -> -
A63: Pontos fortes
A69: Oportunidades de Melhorias
A76: NÃO APAGAR DESTA LINHA PARA BAIXO
A77: 0.3
A78: 1
A79: 3

Sheet sab (4)
A1: IDS - INDICADOR DE DESEMPENHO EM SEGURANÇA
A2: Local: | B2: ='seg (1)'!B2 -> CMPC | E2: Auditor Líder: | F2: ='seg (1)'!F2 -> HSE
A3: Contratada: | B3: ='seg (1)'!B3 -> 0 | E3: Auditor:
A4: Subcontratada: | B4: ='seg (1)'!B4 -> 0 | E4: Data:
A5: Acompanhante: | B5: ='seg (1)'!B5 -> 0 | E5: Hora: | G5: Nº de pessoas:
A6: GABARITO DE OBSERVAÇÃO
A7: USO DE EPI´S | C7: Qtd. | D7: Peso | E7: Comentário
A8: Capacete/Jugular | I8: =IF(COUNT(C8:D8)=1,"-->Verifique! Item QTDE ou PESO em branco","-") -> -
A9: Máscara Respiratória | I9: =IF(COUNT(C9:D9)=1,"-->Verifique! Item QTDE ou PESO em branco","-") -> -
A10: Óculos | I10: =IF(COUNT(C10:D10)=1,"-->Verifique! Item QTDE ou PESO em branco","-") -> -
A11: Protetor Facial | I11: =IF(COUNT(C11:D11)=1,"-->Verifique! Item QTDE ou PESO em branco","-") -> -
A12: Protetor Auricular | I12: =IF(COUNT(C12:D12)=1,"-->Verifique! Item QTDE ou PESO em branco","-") -> -
A13: Luvas | I13: =IF(COUNT(C13:D13)=1,"-->Verifique! Item QTDE ou PESO em branco","-") -> -
A14: Avental/jaleco | I14: =IF(COUNT(C14:D14)=1,"-->Verifique! Item QTDE ou PESO em branco","-") -> -
A15: Calçado de Segurança | I15: =IF(COUNT(C15:D15)=1,"-->Verifique! Item QTDE ou PESO em branco","-") -> -
A16: Cinto de Segurança | I16: =IF(COUNT(C16:D16)=1,"-->Verifique! Item QTDE ou PESO em branco","-") -> -
A17: Sub-total: | C17: =SUM(C8:C16) -> 0
A18: POSIÇÃO DAS PESSOAS | C18: Qtd. | D18: Peso | E18: Comentário
A19: Bater contra/Ser atingido por | I19: =IF(COUNT(C19:D19)=1,"-->Verifique! Item QTDE ou PESO em branco","-") -> -
A20: Ficar preso | I20: =IF(COUNT(C20:D20)=1,"-->Verifique! Item QTDE ou PESO em branco","-") -> -
A21: Risco de queda | I21: =IF(COUNT(C21:D21)=1,"-->Verifique! Item QTDE ou PESO em branco","-") -> -
A22: Risco de queimadura | I22: =IF(COUNT(C22:D22)=1,"-->Verifique! Item QTDE ou PESO em branco","-") -> -
A23: Risco de choque elétrico | I23: =IF(COUNT(C23:D23)=1,"-->Verifique! Item QTDE ou PESO em branco","-") -> -
A24: Inalar/Absorver contaminantes | I24: =IF(COUNT(C24:D24)=1,"-->Verifique! Item QTDE ou PESO em branco","-") -> -
A25: Trabalho Sobreposto | I25: =IF(COUNT(C25:D25)=1,"-->Verifique! Item QTDE ou PESO em branco","-") -> -
A26: Ingerir contaminantes | I26: =IF(COUNT(C26:D26)=1,"-->Verifique! Item QTDE ou PESO em branco","-") -> -
A27: Postura inadequada | I27: =IF(COUNT(C27:D27)=1,"-->Verifique! Item QTDE ou PESO em branco","-") -> -
A28: Esforço inadequado | I28: =IF(COUNT(C28:D28)=1,"-->Verifique! Item QTDE ou PESO em branco","-") -> -
A29: Sub-total: | C29: =SUM(C19:C28) -> 0
A30: AÇÃO QUANDO OBSERVADO | C30: Qtd. | D30: Peso | E30: Comentário
A31: Mudança de posição | I31: =IF(COUNT(C31:D31)=1,"-->Verifique! Item QTDE ou PESO em branco","-") -> -
A32: Paraliza a atividade | I32: =IF(COUNT(C32:D32)=1,"-->Verifique! Item QTDE ou PESO em branco","-") -> -
A33: Ajusta o EPI | I33: =IF(COUNT(C33:D33)=1,"-->Verifique! Item QTDE ou PESO em branco","-") -> -
A34: Adequa o serviço | I34: =IF(COUNT(C34:D34)=1,"-->Verifique! Item QTDE ou PESO em branco","-") -> -
A35: Sub-total: | C35: =SUM(C31:C34) -> 0
A36: PROCEDIMENTOS | C36: Qtd. | D36: Peso | E36: Comentário
A37: Inadequados | I37: =IF(COUNT(C37:D37)=1,"-->Verifique! Item QTDE ou PESO em branco","-") -> -
A38: Não existem procedimentos escritos | I38: =IF(COUNT(C38:D38)=1,"-->Verifique! Item QTDE ou PESO em branco","-") -> -
A39: Adequados e não são seguidos | I39: =IF(COUNT(C39:D39)=1,"-->Verifique! Item QTDE ou PESO em branco","-") -> -
A40: Sub-total: | C40: =SUM(C37:C39) -> 0
A41: FERRAMENTAS E EQUIPAMENTOS | C41: Qtd. | D41: Peso | E41: Comentário
A42: Impróprio para o serviço | I42: =IF(COUNT(C42:D42)=1,"-->Verifique! Item QTDE ou PESO em branco","-") -> -
A43: Usados incorretamente | I43: =IF(COUNT(C43:D43)=1,"-->Verifique! Item QTDE ou PESO em branco","-") -> -
A44: Em condição inseguras | I44: =IF(COUNT(C44:D44)=1,"-->Verifique! Item QTDE ou PESO em branco","-") -> -
A45: Sub-total: | C45: =SUM(C42:C44) -> 0
A46: PADRÕES DE ORGANIZAÇÃO | C46: Qtd. | D46: Peso | E46: Comentário
A47: Local sujo/desorganizado | I47: =IF(COUNT(C47:D47)=1,"-->Verifique! Item QTDE ou PESO em branco","-") -> -
A48: Armazenamento inadequado | I48: =IF(COUNT(C48:D48)=1,"-->Verifique! Item QTDE ou PESO em branco","-") -> -
A49: Contaminação Ambiental | I49: =IF(COUNT(C49:D49)=1,"-->Verifique! Item QTDE ou PESO em branco","-") -> -
A50: Sub-total: | C50: =SUM(C47:C49) -> 0
A51: Resumo dos desvios
A52: Grau de Severidade | C52: Qtd Desvios por Severidade | F52: %
A53: 0.3 | C53: =SUMIF(D8:D16,0.3,C8:C16)+SUMIF(D19:D28,0.3,C19:C28)+SUMIF(D31:D34,0.3,C31:C34)+SUMIF(D37:D39,0.3,C37:C39)+SUMIF(D42:D44,0.3,C42:C44)+SUMIF(D47:D49,0.3,C47:C49) -> 0 | F53: =IF(C53>0,C53/$C$56,"-") -> -
A54: 1 | C54: =SUMIF(D8:D16,1,C8:C16)+SUMIF(D19:D28,1,C19:C28)+SUMIF(D31:D34,1,C31:C34)+SUMIF(D37:D39,1,C37:C39)+SUMIF(D42:D44,1,C42:C44)+SUMIF(D47:D49,1,C47:C49) -> 0 | F54: =IF(C54>0,C54/$C$56,"-") -> -
A55: 3 | C55: =SUMIF(D8:D16,3,C8:C16)+SUMIF(D19:D28,3,C19:C28)+SUMIF(D31:D34,3,C31:C34)+SUMIF(D37:D39,3,C37:C39)+SUMIF(D42:D44,3,C42:C44)+SUMIF(D47:D49,3,C47:C49) -> 0 | F55: =IF(C55>0,C55/$C$56,"-") -> -
A56: total | C56: =SUM(C53:E55) -> 0 | F56: =SUM(F53:H55) -> 0
A57: Resumo da auditoria
A58: Q= Total de desvios encontrados | F58: =C56 -> 0
A59: N= Total de Pessoas Observadas | F59: =H5 -> 0
A60: SD= ∑ Desvios Comportamentais x Severidade dos Desvios | F60: =(C53*A53)+(C54*A54)+(C55*A55) -> 0
A61: Nota Final IDS (%)
A62: IDS = 100 – (SD / N) * 100 | F62: =IF(F59>0,1-((F60/F59)),"-") -> -
A63: Pontos fortes
A69: Oportunidades de Melhorias
A76: NÃO APAGAR DESTA LINHA PARA BAIXO
A77: 0.3
A78: 1
A79: 3

Sheet seg (5)
A1: IDS - INDICADOR DE DESEMPENHO EM SEGURANÇA
A2: Local: | B2: ='seg (1)'!B2 -> CMPC | E2: Auditor Líder: | F2: ='seg (1)'!F2 -> HSE
A3: Contratada: | B3: ='seg (1)'!B3 -> 0 | E3: Auditor: | F3: n/a | I3: <======= preencha com "n/a" para não considerar os dados desta semana
A4: Subcontratada: | B4: ='seg (1)'!B4 -> 0 | E4: Data:
A5: Acompanhante: | B5: ='seg (1)'!B5 -> 0 | E5: Hora: | G5: Nº de pessoas:
A6: GABARITO DE OBSERVAÇÃO
A7: USO DE EPI´S | C7: Qtd. | D7: Peso | E7: Comentário
A8: Capacete/Jugular | I8: =IF(COUNT(C8:D8)=1,"-->Verifique! Item QTDE ou PESO em branco","-") -> -
A9: Máscara Respiratória | I9: =IF(COUNT(C9:D9)=1,"-->Verifique! Item QTDE ou PESO em branco","-") -> -
A10: Óculos | I10: =IF(COUNT(C10:D10)=1,"-->Verifique! Item QTDE ou PESO em branco","-") -> -
A11: Protetor Facial | I11: =IF(COUNT(C11:D11)=1,"-->Verifique! Item QTDE ou PESO em branco","-") -> -
A12: Protetor Auricular | I12: =IF(COUNT(C12:D12)=1,"-->Verifique! Item QTDE ou PESO em branco","-") -> -
A13: Luvas | I13: =IF(COUNT(C13:D13)=1,"-->Verifique! Item QTDE ou PESO em branco","-") -> -
A14: Avental/jaleco | I14: =IF(COUNT(C14:D14)=1,"-->Verifique! Item QTDE ou PESO em branco","-") -> -
A15: Calçado de Segurança | I15: =IF(COUNT(C15:D15)=1,"-->Verifique! Item QTDE ou PESO em branco","-") -> -
A16: Cinto de Segurança | I16: =IF(COUNT(C16:D16)=1,"-->Verifique! Item QTDE ou PESO em branco","-") -> -
A17: Sub-total: | C17: =SUM(C8:C16) -> 0
A18: POSIÇÃO DAS PESSOAS | C18: Qtd. | D18: Peso | E18: Comentário
A19: Bater contra/Ser atingido por | I19: =IF(COUNT(C19:D19)=1,"-->Verifique! Item QTDE ou PESO em branco","-") -> -
A20: Ficar preso | I20: =IF(COUNT(C20:D20)=1,"-->Verifique! Item QTDE ou PESO em branco","-") -> -
A21: Risco de queda | I21: =IF(COUNT(C21:D21)=1,"-->Verifique! Item QTDE ou PESO em branco","-") -> -
A22: Risco de queimadura | I22: =IF(COUNT(C22:D22)=1,"-->Verifique! Item QTDE ou PESO em branco","-") -> -
A23: Risco de choque elétrico | I23: =IF(COUNT(C23:D23)=1,"-->Verifique! Item QTDE ou PESO em branco","-") -> -
A24: Inalar/Absorver contaminantes | I24: =IF(COUNT(C24:D24)=1,"-->Verifique! Item QTDE ou PESO em branco","-") -> -
A25: Trabalho Sobreposto | I25: =IF(COUNT(C25:D25)=1,"-->Verifique! Item QTDE ou PESO em branco","-") -> -
A26: Ingerir contaminantes | I26: =IF(COUNT(C26:D26)=1,"-->Verifique! Item QTDE ou PESO em branco","-") -> -
A27: Postura inadequada | I27: =IF(COUNT(C27:D27)=1,"-->Verifique! Item QTDE ou PESO em branco","-") -> -
A28: Esforço inadequado | I28: =IF(COUNT(C28:D28)=1,"-->Verifique! Item QTDE ou PESO em branco","-") -> -
A29: Sub-total: | C29: =SUM(C19:C28) -> 0
A30: AÇÃO QUANDO OBSERVADO | C30: Qtd. | D30: Peso | E30: Comentário
A31: Mudança de posição | I31: =IF(COUNT(C31:D31)=1,"-->Verifique! Item QTDE ou PESO em branco","-") -> -
A32: Paraliza a atividade | I32: =IF(COUNT(C32:D32)=1,"-->Verifique! Item QTDE ou PESO em branco","-") -> -
A33: Ajusta o EPI | I33: =IF(COUNT(C33:D33)=1,"-->Verifique! Item QTDE ou PESO em branco","-") -> -
A34: Adequa o serviço | I34: =IF(COUNT(C34:D34)=1,"-->Verifique! Item QTDE ou PESO em branco","-") -> -
A35: Sub-total: | C35: =SUM(C31:C34) -> 0
A36: PROCEDIMENTOS | C36: Qtd. | D36: Peso | E36: Comentário
A37: Inadequados | I37: =IF(COUNT(C37:D37)=1,"-->Verifique! Item QTDE ou PESO em branco","-") -> -
A38: Não existem procedimentos escritos | I38: =IF(COUNT(C38:D38)=1,"-->Verifique! Item QTDE ou PESO em branco","-") -> -
A39: Adequados e não são seguidos | I39: =IF(COUNT(C39:D39)=1,"-->Verifique! Item QTDE ou PESO em branco","-") -> -
A40: Sub-total: | C40: =SUM(C37:C39) -> 0
A41: FERRAMENTAS E EQUIPAMENTOS | C41: Qtd. | D41: Peso | E41: Comentário
A42: Impróprio para o serviço | I42: =IF(COUNT(C42:D42)=1,"-->Verifique! Item QTDE ou PESO em branco","-") -> -
A43: Usados incorretamente | I43: =IF(COUNT(C43:D43)=1,"-->Verifique! Item QTDE ou PESO em branco","-") -> -
A44: Em condição inseguras | I44: =IF(COUNT(C44:D44)=1,"-->Verifique! Item QTDE ou PESO em branco","-") -> -
A45: Sub-total: | C45: =SUM(C42:C44) -> 0
A46: PADRÕES DE ORGANIZAÇÃO | C46: Qtd. | D46: Peso | E46: Comentário
A47: Local sujo/desorganizado | I47: =IF(COUNT(C47:D47)=1,"-->Verifique! Item QTDE ou PESO em branco","-") -> -
A48: Armazenamento inadequado | I48: =IF(COUNT(C48:D48)=1,"-->Verifique! Item QTDE ou PESO em branco","-") -> -
A49: Contaminação Ambiental | I49: =IF(COUNT(C49:D49)=1,"-->Verifique! Item QTDE ou PESO em branco","-") -> -
A50: Sub-total: | C50: =SUM(C47:C49) -> 0
A51: Resumo dos desvios
A52: Grau de Severidade | C52: Qtd Desvios por Severidade | F52: %
A53: 0.3 | C53: =SUMIF(D8:D16,0.3,C8:C16)+SUMIF(D19:D28,0.3,C19:C28)+SUMIF(D31:D34,0.3,C31:C34)+SUMIF(D37:D39,0.3,C37:C39)+SUMIF(D42:D44,0.3,C42:C44)+SUMIF(D47:D49,0.3,C47:C49) -> 0 | F53: =IF(C53>0,C53/$C$56,"-") -> -
A54: 1 | C54: =SUMIF(D8:D16,1,C8:C16)+SUMIF(D19:D28,1,C19:C28)+SUMIF(D31:D34,1,C31:C34)+SUMIF(D37:D39,1,C37:C39)+SUMIF(D42:D44,1,C42:C44)+SUMIF(D47:D49,1,C47:C49) -> 0 | F54: =IF(C54>0,C54/$C$56,"-") -> -
A55: 3 | C55: =SUMIF(D8:D16,3,C8:C16)+SUMIF(D19:D28,3,C19:C28)+SUMIF(D31:D34,3,C31:C34)+SUMIF(D37:D39,3,C37:C39)+SUMIF(D42:D44,3,C42:C44)+SUMIF(D47:D49,3,C47:C49) -> 0 | F55: =IF(C55>0,C55/$C$56,"-") -> -
A56: total | C56: =SUM(C53:E55) -> 0 | F56: =SUM(F53:H55) -> 0
A57: Resumo da auditoria
A58: Q= Total de desvios encontrados | F58: =C56 -> 0
A59: N= Total de Pessoas Observadas | F59: =H5 -> 0
A60: SD= ∑ Desvios Comportamentais x Severidade dos Desvios | F60: =(C53*A53)+(C54*A54)+(C55*A55) -> 0
A61: Nota Final IDS (%)
A62: IDS = 100 – (SD / N) * 100 | F62: =IF(F59>0,1-((F60/F59)),"-") -> -
A63: Pontos fortes
A69: Oportunidades de Melhorias
A76: NÃO APAGAR DESTA LINHA PARA BAIXO
A77: 0.3
A78: 1
A79: 3

Sheet ter (5)
A1: IDS - INDICADOR DE DESEMPENHO EM SEGURANÇA
A2: Local: | B2: ='seg (1)'!B2 -> CMPC | E2: Auditor Líder: | F2: ='seg (1)'!F2 -> HSE
A3: Contratada: | B3: ='seg (1)'!B3 -> 0 | E3: Auditor:
A4: Subcontratada: | B4: ='seg (1)'!B4 -> 0 | E4: Data:
A5: Acompanhante: | B5: ='seg (1)'!B5 -> 0 | E5: Hora: | G5: Nº de pessoas:
A6: GABARITO DE OBSERVAÇÃO
A7: USO DE EPI´S | C7: Qtd. | D7: Peso | E7: Comentário
A8: Capacete/Jugular | I8: =IF(COUNT(C8:D8)=1,"-->Verifique! Item QTDE ou PESO em branco","-") -> -
A9: Máscara Respiratória | I9: =IF(COUNT(C9:D9)=1,"-->Verifique! Item QTDE ou PESO em branco","-") -> -
A10: Óculos | I10: =IF(COUNT(C10:D10)=1,"-->Verifique! Item QTDE ou PESO em branco","-") -> -
A11: Protetor Facial | I11: =IF(COUNT(C11:D11)=1,"-->Verifique! Item QTDE ou PESO em branco","-") -> -
A12: Protetor Auricular | I12: =IF(COUNT(C12:D12)=1,"-->Verifique! Item QTDE ou PESO em branco","-") -> -
A13: Luvas | I13: =IF(COUNT(C13:D13)=1,"-->Verifique! Item QTDE ou PESO em branco","-") -> -
A14: Avental/jaleco | I14: =IF(COUNT(C14:D14)=1,"-->Verifique! Item QTDE ou PESO em branco","-") -> -
A15: Calçado de Segurança | I15: =IF(COUNT(C15:D15)=1,"-->Verifique! Item QTDE ou PESO em branco","-") -> -
A16: Cinto de Segurança | I16: =IF(COUNT(C16:D16)=1,"-->Verifique! Item QTDE ou PESO em branco","-") -> -
A17: Sub-total: | C17: =SUM(C8:C16) -> 0
A18: POSIÇÃO DAS PESSOAS | C18: Qtd. | D18: Peso | E18: Comentário
A19: Bater contra/Ser atingido por | I19: =IF(COUNT(C19:D19)=1,"-->Verifique! Item QTDE ou PESO em branco","-") -> -
A20: Ficar preso | I20: =IF(COUNT(C20:D20)=1,"-->Verifique! Item QTDE ou PESO em branco","-") -> -
A21: Risco de queda | I21: =IF(COUNT(C21:D21)=1,"-->Verifique! Item QTDE ou PESO em branco","-") -> -
A22: Risco de queimadura | I22: =IF(COUNT(C22:D22)=1,"-->Verifique! Item QTDE ou PESO em branco","-") -> -
A23: Risco de choque elétrico | I23: =IF(COUNT(C23:D23)=1,"-->Verifique! Item QTDE ou PESO em branco","-") -> -
A24: Inalar/Absorver contaminantes | I24: =IF(COUNT(C24:D24)=1,"-->Verifique! Item QTDE ou PESO em branco","-") -> -
A25: Trabalho Sobreposto | I25: =IF(COUNT(C25:D25)=1,"-->Verifique! Item QTDE ou PESO em branco","-") -> -
A26: Ingerir contaminantes | I26: =IF(COUNT(C26:D26)=1,"-->Verifique! Item QTDE ou PESO em branco","-") -> -
A27: Postura inadequada | I27: =IF(COUNT(C27:D27)=1,"-->Verifique! Item QTDE ou PESO em branco","-") -> -
A28: Esforço inadequado | I28: =IF(COUNT(C28:D28)=1,"-->Verifique! Item QTDE ou PESO em branco","-") -> -
A29: Sub-total: | C29: =SUM(C19:C28) -> 0
A30: AÇÃO QUANDO OBSERVADO | C30: Qtd. | D30: Peso | E30: Comentário
A31: Mudança de posição | I31: =IF(COUNT(C31:D31)=1,"-->Verifique! Item QTDE ou PESO em branco","-") -> -
A32: Paraliza a atividade | I32: =IF(COUNT(C32:D32)=1,"-->Verifique! Item QTDE ou PESO em branco","-") -> -
A33: Ajusta o EPI | I33: =IF(COUNT(C33:D33)=1,"-->Verifique! Item QTDE ou PESO em branco","-") -> -
A34: Adequa o serviço | I34: =IF(COUNT(C34:D34)=1,"-->Verifique! Item QTDE ou PESO em branco","-") -> -
A35: Sub-total: | C35: =SUM(C31:C34) -> 0
A36: PROCEDIMENTOS | C36: Qtd. | D36: Peso | E36: Comentário
A37: Inadequados | I37: =IF(COUNT(C37:D37)=1,"-->Verifique! Item QTDE ou PESO em branco","-") -> -
A38: Não existem procedimentos escritos | I38: =IF(COUNT(C38:D38)=1,"-->Verifique! Item QTDE ou PESO em branco","-") -> -
A39: Adequados e não são seguidos | I39: =IF(COUNT(C39:D39)=1,"-->Verifique! Item QTDE ou PESO em branco","-") -> -
A40: Sub-total: | C40: =SUM(C37:C39) -> 0
A41: FERRAMENTAS E EQUIPAMENTOS | C41: Qtd. | D41: Peso | E41: Comentário
A42: Impróprio para o serviço | I42: =IF(COUNT(C42:D42)=1,"-->Verifique! Item QTDE ou PESO em branco","-") -> -
A43: Usados incorretamente | I43: =IF(COUNT(C43:D43)=1,"-->Verifique! Item QTDE ou PESO em branco","-") -> -
A44: Em condição inseguras | I44: =IF(COUNT(C44:D44)=1,"-->Verifique! Item QTDE ou PESO em branco","-") -> -
A45: Sub-total: | C45: =SUM(C42:C44) -> 0
A46: PADRÕES DE ORGANIZAÇÃO | C46: Qtd. | D46: Peso | E46: Comentário
A47: Local sujo/desorganizado | I47: =IF(COUNT(C47:D47)=1,"-->Verifique! Item QTDE ou PESO em branco","-") -> -
A48: Armazenamento inadequado | I48: =IF(COUNT(C48:D48)=1,"-->Verifique! Item QTDE ou PESO em branco","-") -> -
A49: Contaminação Ambiental | I49: =IF(COUNT(C49:D49)=1,"-->Verifique! Item QTDE ou PESO em branco","-") -> -
A50: Sub-total: | C50: =SUM(C47:C49) -> 0
A51: Resumo dos desvios
A52: Grau de Severidade | C52: Qtd Desvios por Severidade | F52: %
A53: 0.3 | C53: =SUMIF(D8:D16,0.3,C8:C16)+SUMIF(D19:D28,0.3,C19:C28)+SUMIF(D31:D34,0.3,C31:C34)+SUMIF(D37:D39,0.3,C37:C39)+SUMIF(D42:D44,0.3,C42:C44)+SUMIF(D47:D49,0.3,C47:C49) -> 0 | F53: =IF(C53>0,C53/$C$56,"-") -> -
A54: 1 | C54: =SUMIF(D8:D16,1,C8:C16)+SUMIF(D19:D28,1,C19:C28)+SUMIF(D31:D34,1,C31:C34)+SUMIF(D37:D39,1,C37:C39)+SUMIF(D42:D44,1,C42:C44)+SUMIF(D47:D49,1,C47:C49) -> 0 | F54: =IF(C54>0,C54/$C$56,"-") -> -
A55: 3 | C55: =SUMIF(D8:D16,3,C8:C16)+SUMIF(D19:D28,3,C19:C28)+SUMIF(D31:D34,3,C31:C34)+SUMIF(D37:D39,3,C37:C39)+SUMIF(D42:D44,3,C42:C44)+SUMIF(D47:D49,3,C47:C49) -> 0 | F55: =IF(C55>0,C55/$C$56,"-") -> -
A56: total | C56: =SUM(C53:E55) -> 0 | F56: =SUM(F53:H55) -> 0
A57: Resumo da auditoria
A58: Q= Total de desvios encontrados | F58: =C56 -> 0
A59: N= Total de Pessoas Observadas | F59: =H5 -> 0
A60: SD= ∑ Desvios Comportamentais x Severidade dos Desvios | F60: =(C53*A53)+(C54*A54)+(C55*A55) -> 0
A61: Nota Final IDS (%)
A62: IDS = 100 – (SD / N) * 100 | F62: =IF(F59>0,1-((F60/F59)),"-") -> -
A63: Pontos fortes
A69: Oportunidades de Melhorias
A76: NÃO APAGAR DESTA LINHA PARA BAIXO
A77: 0.3
A78: 1
A79: 3

Sheet qua (5)
A1: IDS - INDICADOR DE DESEMPENHO EM SEGURANÇA
A2: Local: | B2: ='seg (1)'!B2 -> CMPC | E2: Auditor Líder: | F2: ='seg (1)'!F2 -> HSE
A3: Contratada: | B3: ='seg (1)'!B3 -> 0 | E3: Auditor:
A4: Subcontratada: | B4: ='seg (1)'!B4 -> 0 | E4: Data:
A5: Acompanhante: | B5: ='seg (1)'!B5 -> 0 | E5: Hora: | G5: Nº de pessoas:
A6: GABARITO DE OBSERVAÇÃO
A7: USO DE EPI´S | C7: Qtd. | D7: Peso | E7: Comentário
A8: Capacete/Jugular | I8: =IF(COUNT(C8:D8)=1,"-->Verifique! Item QTDE ou PESO em branco","-") -> -
A9: Máscara Respiratória | I9: =IF(COUNT(C9:D9)=1,"-->Verifique! Item QTDE ou PESO em branco","-") -> -
A10: Óculos | I10: =IF(COUNT(C10:D10)=1,"-->Verifique! Item QTDE ou PESO em branco","-") -> -
A11: Protetor Facial | I11: =IF(COUNT(C11:D11)=1,"-->Verifique! Item QTDE ou PESO em branco","-") -> -
A12: Protetor Auricular | I12: =IF(COUNT(C12:D12)=1,"-->Verifique! Item QTDE ou PESO em branco","-") -> -
A13: Luvas | I13: =IF(COUNT(C13:D13)=1,"-->Verifique! Item QTDE ou PESO em branco","-") -> -
A14: Avental/jaleco | I14: =IF(COUNT(C14:D14)=1,"-->Verifique! Item QTDE ou PESO em branco","-") -> -
A15: Calçado de Segurança | I15: =IF(COUNT(C15:D15)=1,"-->Verifique! Item QTDE ou PESO em branco","-") -> -
A16: Cinto de Segurança | I16: =IF(COUNT(C16:D16)=1,"-->Verifique! Item QTDE ou PESO em branco","-") -> -
A17: Sub-total: | C17: =SUM(C8:C16) -> 0
A18: POSIÇÃO DAS PESSOAS | C18: Qtd. | D18: Peso | E18: Comentário
A19: Bater contra/Ser atingido por | I19: =IF(COUNT(C19:D19)=1,"-->Verifique! Item QTDE ou PESO em branco","-") -> -
A20: Ficar preso | I20: =IF(COUNT(C20:D20)=1,"-->Verifique! Item QTDE ou PESO em branco","-") -> -
A21: Risco de queda | I21: =IF(COUNT(C21:D21)=1,"-->Verifique! Item QTDE ou PESO em branco","-") -> -
A22: Risco de queimadura | I22: =IF(COUNT(C22:D22)=1,"-->Verifique! Item QTDE ou PESO em branco","-") -> -
A23: Risco de choque elétrico | I23: =IF(COUNT(C23:D23)=1,"-->Verifique! Item QTDE ou PESO em branco","-") -> -
A24: Inalar/Absorver contaminantes | I24: =IF(COUNT(C24:D24)=1,"-->Verifique! Item QTDE ou PESO em branco","-") -> -
A25: Trabalho Sobreposto | I25: =IF(COUNT(C25:D25)=1,"-->Verifique! Item QTDE ou PESO em branco","-") -> -
A26: Ingerir contaminantes | I26: =IF(COUNT(C26:D26)=1,"-->Verifique! Item QTDE ou PESO em branco","-") -> -
A27: Postura inadequada | I27: =IF(COUNT(C27:D27)=1,"-->Verifique! Item QTDE ou PESO em branco","-") -> -
A28: Esforço inadequado | I28: =IF(COUNT(C28:D28)=1,"-->Verifique! Item QTDE ou PESO em branco","-") -> -
A29: Sub-total: | C29: =SUM(C19:C28) -> 0
A30: AÇÃO QUANDO OBSERVADO | C30: Qtd. | D30: Peso | E30: Comentário
A31: Mudança de posição | I31: =IF(COUNT(C31:D31)=1,"-->Verifique! Item QTDE ou PESO em branco","-") -> -
A32: Paraliza a atividade | I32: =IF(COUNT(C32:D32)=1,"-->Verifique! Item QTDE ou PESO em branco","-") -> -
A33: Ajusta o EPI | I33: =IF(COUNT(C33:D33)=1,"-->Verifique! Item QTDE ou PESO em branco","-") -> -
A34: Adequa o serviço | I34: =IF(COUNT(C34:D34)=1,"-->Verifique! Item QTDE ou PESO em branco","-") -> -
A35: Sub-total: | C35: =SUM(C31:C34) -> 0
A36: PROCEDIMENTOS | C36: Qtd. | D36: Peso | E36: Comentário
A37: Inadequados | I37: =IF(COUNT(C37:D37)=1,"-->Verifique! Item QTDE ou PESO em branco","-") -> -
A38: Não existem procedimentos escritos | I38: =IF(COUNT(C38:D38)=1,"-->Verifique! Item QTDE ou PESO em branco","-") -> -
A39: Adequados e não são seguidos | I39: =IF(COUNT(C39:D39)=1,"-->Verifique! Item QTDE ou PESO em branco","-") -> -
A40: Sub-total: | C40: =SUM(C37:C39) -> 0
A41: FERRAMENTAS E EQUIPAMENTOS | C41: Qtd. | D41: Peso | E41: Comentário
A42: Impróprio para o serviço | I42: =IF(COUNT(C42:D42)=1,"-->Verifique! Item QTDE ou PESO em branco","-") -> -
A43: Usados incorretamente | I43: =IF(COUNT(C43:D43)=1,"-->Verifique! Item QTDE ou PESO em branco","-") -> -
A44: Em condição inseguras | I44: =IF(COUNT(C44:D44)=1,"-->Verifique! Item QTDE ou PESO em branco","-") -> -
A45: Sub-total: | C45: =SUM(C42:C44) -> 0
A46: PADRÕES DE ORGANIZAÇÃO | C46: Qtd. | D46: Peso | E46: Comentário
A47: Local sujo/desorganizado | I47: =IF(COUNT(C47:D47)=1,"-->Verifique! Item QTDE ou PESO em branco","-") -> -
A48: Armazenamento inadequado | I48: =IF(COUNT(C48:D48)=1,"-->Verifique! Item QTDE ou PESO em branco","-") -> -
A49: Contaminação Ambiental | I49: =IF(COUNT(C49:D49)=1,"-->Verifique! Item QTDE ou PESO em branco","-") -> -
A50: Sub-total: | C50: =SUM(C47:C49) -> 0
A51: Resumo dos desvios
A52: Grau de Severidade | C52: Qtd Desvios por Severidade | F52: %
A53: 0.3 | C53: =SUMIF(D8:D16,0.3,C8:C16)+SUMIF(D19:D28,0.3,C19:C28)+SUMIF(D31:D34,0.3,C31:C34)+SUMIF(D37:D39,0.3,C37:C39)+SUMIF(D42:D44,0.3,C42:C44)+SUMIF(D47:D49,0.3,C47:C49) -> 0 | F53: =IF(C53>0,C53/$C$56,"-") -> -
A54: 1 | C54: =SUMIF(D8:D16,1,C8:C16)+SUMIF(D19:D28,1,C19:C28)+SUMIF(D31:D34,1,C31:C34)+SUMIF(D37:D39,1,C37:C39)+SUMIF(D42:D44,1,C42:C44)+SUMIF(D47:D49,1,C47:C49) -> 0 | F54: =IF(C54>0,C54/$C$56,"-") -> -
A55: 3 | C55: =SUMIF(D8:D16,3,C8:C16)+SUMIF(D19:D28,3,C19:C28)+SUMIF(D31:D34,3,C31:C34)+SUMIF(D37:D39,3,C37:C39)+SUMIF(D42:D44,3,C42:C44)+SUMIF(D47:D49,3,C47:C49) -> 0 | F55: =IF(C55>0,C55/$C$56,"-") -> -
A56: total | C56: =SUM(C53:E55) -> 0 | F56: =SUM(F53:H55) -> 0
A57: Resumo da auditoria
A58: Q= Total de desvios encontrados | F58: =C56 -> 0
A59: N= Total de Pessoas Observadas | F59: =H5 -> 0
A60: SD= ∑ Desvios Comportamentais x Severidade dos Desvios | F60: =(C53*A53)+(C54*A54)+(C55*A55) -> 0
A61: Nota Final IDS (%)
A62: IDS = 100 – (SD / N) * 100 | F62: =IF(F59>0,1-((F60/F59)),"-") -> -
A63: Pontos fortes
A69: Oportunidades de Melhorias
A76: NÃO APAGAR DESTA LINHA PARA BAIXO
A77: 0.3
A78: 1
A79: 3

Sheet qui (5)
A1: IDS - INDICADOR DE DESEMPENHO EM SEGURANÇA
A2: Local: | B2: ='seg (1)'!B2 -> CMPC | E2: Auditor Líder: | F2: ='seg (1)'!F2 -> HSE
A3: Contratada: | B3: ='seg (1)'!B3 -> 0 | E3: Auditor:
A4: Subcontratada: | B4: ='seg (1)'!B4 -> 0 | E4: Data:
A5: Acompanhante: | B5: ='seg (1)'!B5 -> 0 | E5: Hora: | G5: Nº de pessoas:
A6: GABARITO DE OBSERVAÇÃO
A7: USO DE EPI´S | C7: Qtd. | D7: Peso | E7: Comentário
A8: Capacete/Jugular | I8: =IF(COUNT(C8:D8)=1,"-->Verifique! Item QTDE ou PESO em branco","-") -> -
A9: Máscara Respiratória | I9: =IF(COUNT(C9:D9)=1,"-->Verifique! Item QTDE ou PESO em branco","-") -> -
A10: Óculos | I10: =IF(COUNT(C10:D10)=1,"-->Verifique! Item QTDE ou PESO em branco","-") -> -
A11: Protetor Facial | I11: =IF(COUNT(C11:D11)=1,"-->Verifique! Item QTDE ou PESO em branco","-") -> -
A12: Protetor Auricular | I12: =IF(COUNT(C12:D12)=1,"-->Verifique! Item QTDE ou PESO em branco","-") -> -
A13: Luvas | I13: =IF(COUNT(C13:D13)=1,"-->Verifique! Item QTDE ou PESO em branco","-") -> -
A14: Avental/jaleco | I14: =IF(COUNT(C14:D14)=1,"-->Verifique! Item QTDE ou PESO em branco","-") -> -
A15: Calçado de Segurança | I15: =IF(COUNT(C15:D15)=1,"-->Verifique! Item QTDE ou PESO em branco","-") -> -
A16: Cinto de Segurança | I16: =IF(COUNT(C16:D16)=1,"-->Verifique! Item QTDE ou PESO em branco","-") -> -
A17: Sub-total: | C17: =SUM(C8:C16) -> 0
A18: POSIÇÃO DAS PESSOAS | C18: Qtd. | D18: Peso | E18: Comentário
A19: Bater contra/Ser atingido por | I19: =IF(COUNT(C19:D19)=1,"-->Verifique! Item QTDE ou PESO em branco","-") -> -
A20: Ficar preso | I20: =IF(COUNT(C20:D20)=1,"-->Verifique! Item QTDE ou PESO em branco","-") -> -
A21: Risco de queda | I21: =IF(COUNT(C21:D21)=1,"-->Verifique! Item QTDE ou PESO em branco","-") -> -
A22: Risco de queimadura | I22: =IF(COUNT(C22:D22)=1,"-->Verifique! Item QTDE ou PESO em branco","-") -> -
A23: Risco de choque elétrico | I23: =IF(COUNT(C23:D23)=1,"-->Verifique! Item QTDE ou PESO em branco","-") -> -
A24: Inalar/Absorver contaminantes | I24: =IF(COUNT(C24:D24)=1,"-->Verifique! Item QTDE ou PESO em branco","-") -> -
A25: Trabalho Sobreposto | I25: =IF(COUNT(C25:D25)=1,"-->Verifique! Item QTDE ou PESO em branco","-") -> -
A26: Ingerir contaminantes | I26: =IF(COUNT(C26:D26)=1,"-->Verifique! Item QTDE ou PESO em branco","-") -> -
A27: Postura inadequada | I27: =IF(COUNT(C27:D27)=1,"-->Verifique! Item QTDE ou PESO em branco","-") -> -
A28: Esforço inadequado | I28: =IF(COUNT(C28:D28)=1,"-->Verifique! Item QTDE ou PESO em branco","-") -> -
A29: Sub-total: | C29: =SUM(C19:C28) -> 0
A30: AÇÃO QUANDO OBSERVADO | C30: Qtd. | D30: Peso | E30: Comentário
A31: Mudança de posição | I31: =IF(COUNT(C31:D31)=1,"-->Verifique! Item QTDE ou PESO em branco","-") -> -
A32: Paraliza a atividade | I32: =IF(COUNT(C32:D32)=1,"-->Verifique! Item QTDE ou PESO em branco","-") -> -
A33: Ajusta o EPI | I33: =IF(COUNT(C33:D33)=1,"-->Verifique! Item QTDE ou PESO em branco","-") -> -
A34: Adequa o serviço | I34: =IF(COUNT(C34:D34)=1,"-->Verifique! Item QTDE ou PESO em branco","-") -> -
A35: Sub-total: | C35: =SUM(C31:C34) -> 0
A36: PROCEDIMENTOS | C36: Qtd. | D36: Peso | E36: Comentário
A37: Inadequados | I37: =IF(COUNT(C37:D37)=1,"-->Verifique! Item QTDE ou PESO em branco","-") -> -
A38: Não existem procedimentos escritos | I38: =IF(COUNT(C38:D38)=1,"-->Verifique! Item QTDE ou PESO em branco","-") -> -
A39: Adequados e não são seguidos | I39: =IF(COUNT(C39:D39)=1,"-->Verifique! Item QTDE ou PESO em branco","-") -> -
A40: Sub-total: | C40: =SUM(C37:C39) -> 0
A41: FERRAMENTAS E EQUIPAMENTOS | C41: Qtd. | D41: Peso | E41: Comentário
A42: Impróprio para o serviço | I42: =IF(COUNT(C42:D42)=1,"-->Verifique! Item QTDE ou PESO em branco","-") -> -
A43: Usados incorretamente | I43: =IF(COUNT(C43:D43)=1,"-->Verifique! Item QTDE ou PESO em branco","-") -> -
A44: Em condição inseguras | I44: =IF(COUNT(C44:D44)=1,"-->Verifique! Item QTDE ou PESO em branco","-") -> -
A45: Sub-total: | C45: =SUM(C42:C44) -> 0
A46: PADRÕES DE ORGANIZAÇÃO | C46: Qtd. | D46: Peso | E46: Comentário
A47: Local sujo/desorganizado | I47: =IF(COUNT(C47:D47)=1,"-->Verifique! Item QTDE ou PESO em branco","-") -> -
A48: Armazenamento inadequado | I48: =IF(COUNT(C48:D48)=1,"-->Verifique! Item QTDE ou PESO em branco","-") -> -
A49: Contaminação Ambiental | I49: =IF(COUNT(C49:D49)=1,"-->Verifique! Item QTDE ou PESO em branco","-") -> -
A50: Sub-total: | C50: =SUM(C47:C49) -> 0
A51: Resumo dos desvios
A52: Grau de Severidade | C52: Qtd Desvios por Severidade | F52: %
A53: 0.3 | C53: =SUMIF(D8:D16,0.3,C8:C16)+SUMIF(D19:D28,0.3,C19:C28)+SUMIF(D31:D34,0.3,C31:C34)+SUMIF(D37:D39,0.3,C37:C39)+SUMIF(D42:D44,0.3,C42:C44)+SUMIF(D47:D49,0.3,C47:C49) -> 0 | F53: =IF(C53>0,C53/$C$56,"-") -> -
A54: 1 | C54: =SUMIF(D8:D16,1,C8:C16)+SUMIF(D19:D28,1,C19:C28)+SUMIF(D31:D34,1,C31:C34)+SUMIF(D37:D39,1,C37:C39)+SUMIF(D42:D44,1,C42:C44)+SUMIF(D47:D49,1,C47:C49) -> 0 | F54: =IF(C54>0,C54/$C$56,"-") -> -
A55: 3 | C55: =SUMIF(D8:D16,3,C8:C16)+SUMIF(D19:D28,3,C19:C28)+SUMIF(D31:D34,3,C31:C34)+SUMIF(D37:D39,3,C37:C39)+SUMIF(D42:D44,3,C42:C44)+SUMIF(D47:D49,3,C47:C49) -> 0 | F55: =IF(C55>0,C55/$C$56,"-") -> -
A56: total | C56: =SUM(C53:E55) -> 0 | F56: =SUM(F53:H55) -> 0
A57: Resumo da auditoria
A58: Q= Total de desvios encontrados | F58: =C56 -> 0
A59: N= Total de Pessoas Observadas | F59: =H5 -> 0
A60: SD= ∑ Desvios Comportamentais x Severidade dos Desvios | F60: =(C53*A53)+(C54*A54)+(C55*A55) -> 0
A61: Nota Final IDS (%)
A62: IDS = 100 – (SD / N) * 100 | F62: =IF(F59>0,1-((F60/F59)),"-") -> -
A63: Pontos fortes
A69: Oportunidades de Melhorias
A76: NÃO APAGAR DESTA LINHA PARA BAIXO
A77: 0.3
A78: 1
A79: 3

Sheet sex (5)
A1: IDS - INDICADOR DE DESEMPENHO EM SEGURANÇA
A2: Local: | B2: ='seg (1)'!B2 -> CMPC | E2: Auditor Líder: | F2: ='seg (1)'!F2 -> HSE
A3: Contratada: | B3: ='seg (1)'!B3 -> 0 | E3: Auditor:
A4: Subcontratada: | B4: ='seg (1)'!B4 -> 0 | E4: Data:
A5: Acompanhante: | B5: ='seg (1)'!B5 -> 0 | E5: Hora: | G5: Nº de pessoas:
A6: GABARITO DE OBSERVAÇÃO
A7: USO DE EPI´S | C7: Qtd. | D7: Peso | E7: Comentário
A8: Capacete/Jugular | I8: =IF(COUNT(C8:D8)=1,"-->Verifique! Item QTDE ou PESO em branco","-") -> -
A9: Máscara Respiratória | I9: =IF(COUNT(C9:D9)=1,"-->Verifique! Item QTDE ou PESO em branco","-") -> -
A10: Óculos | I10: =IF(COUNT(C10:D10)=1,"-->Verifique! Item QTDE ou PESO em branco","-") -> -
A11: Protetor Facial | I11: =IF(COUNT(C11:D11)=1,"-->Verifique! Item QTDE ou PESO em branco","-") -> -
A12: Protetor Auricular | I12: =IF(COUNT(C12:D12)=1,"-->Verifique! Item QTDE ou PESO em branco","-") -> -
A13: Luvas | I13: =IF(COUNT(C13:D13)=1,"-->Verifique! Item QTDE ou PESO em branco","-") -> -
A14: Avental/jaleco | I14: =IF(COUNT(C14:D14)=1,"-->Verifique! Item QTDE ou PESO em branco","-") -> -
A15: Calçado de Segurança | I15: =IF(COUNT(C15:D15)=1,"-->Verifique! Item QTDE ou PESO em branco","-") -> -
A16: Cinto de Segurança | I16: =IF(COUNT(C16:D16)=1,"-->Verifique! Item QTDE ou PESO em branco","-") -> -
A17: Sub-total: | C17: =SUM(C8:C16) -> 0
A18: POSIÇÃO DAS PESSOAS | C18: Qtd. | D18: Peso | E18: Comentário
A19: Bater contra/Ser atingido por | I19: =IF(COUNT(C19:D19)=1,"-->Verifique! Item QTDE ou PESO em branco","-") -> -
A20: Ficar preso | I20: =IF(COUNT(C20:D20)=1,"-->Verifique! Item QTDE ou PESO em branco","-") -> -
A21: Risco de queda | I21: =IF(COUNT(C21:D21)=1,"-->Verifique! Item QTDE ou PESO em branco","-") -> -
A22: Risco de queimadura | I22: =IF(COUNT(C22:D22)=1,"-->Verifique! Item QTDE ou PESO em branco","-") -> -
A23: Risco de choque elétrico | I23: =IF(COUNT(C23:D23)=1,"-->Verifique! Item QTDE ou PESO em branco","-") -> -
A24: Inalar/Absorver contaminantes | I24: =IF(COUNT(C24:D24)=1,"-->Verifique! Item QTDE ou PESO em branco","-") -> -
A25: Trabalho Sobreposto | I25: =IF(COUNT(C25:D25)=1,"-->Verifique! Item QTDE ou PESO em branco","-") -> -
A26: Ingerir contaminantes | I26: =IF(COUNT(C26:D26)=1,"-->Verifique! Item QTDE ou PESO em branco","-") -> -
A27: Postura inadequada | I27: =IF(COUNT(C27:D27)=1,"-->Verifique! Item QTDE ou PESO em branco","-") -> -
A28: Esforço inadequado | I28: =IF(COUNT(C28:D28)=1,"-->Verifique! Item QTDE ou PESO em branco","-") -> -
A29: Sub-total: | C29: =SUM(C19:C28) -> 0
A30: AÇÃO QUANDO OBSERVADO | C30: Qtd. | D30: Peso | E30: Comentário
A31: Mudança de posição | I31: =IF(COUNT(C31:D31)=1,"-->Verifique! Item QTDE ou PESO em branco","-") -> -
A32: Paraliza a atividade | I32: =IF(COUNT(C32:D32)=1,"-->Verifique! Item QTDE ou PESO em branco","-") -> -
A33: Ajusta o EPI | I33: =IF(COUNT(C33:D33)=1,"-->Verifique! Item QTDE ou PESO em branco","-") -> -
A34: Adequa o serviço | I34: =IF(COUNT(C34:D34)=1,"-->Verifique! Item QTDE ou PESO em branco","-") -> -
A35: Sub-total: | C35: =SUM(C31:C34) -> 0
A36: PROCEDIMENTOS | C36: Qtd. | D36: Peso | E36: Comentário
A37: Inadequados | I37: =IF(COUNT(C37:D37)=1,"-->Verifique! Item QTDE ou PESO em branco","-") -> -
A38: Não existem procedimentos escritos | I38: =IF(COUNT(C38:D38)=1,"-->Verifique! Item QTDE ou PESO em branco","-") -> -
A39: Adequados e não são seguidos | I39: =IF(COUNT(C39:D39)=1,"-->Verifique! Item QTDE ou PESO em branco","-") -> -
A40: Sub-total: | C40: =SUM(C37:C39) -> 0
A41: FERRAMENTAS E EQUIPAMENTOS | C41: Qtd. | D41: Peso | E41: Comentário
A42: Impróprio para o serviço | I42: =IF(COUNT(C42:D42)=1,"-->Verifique! Item QTDE ou PESO em branco","-") -> -
A43: Usados incorretamente | I43: =IF(COUNT(C43:D43)=1,"-->Verifique! Item QTDE ou PESO em branco","-") -> -
A44: Em condição inseguras | I44: =IF(COUNT(C44:D44)=1,"-->Verifique! Item QTDE ou PESO em branco","-") -> -
A45: Sub-total: | C45: =SUM(C42:C44) -> 0
A46: PADRÕES DE ORGANIZAÇÃO | C46: Qtd. | D46: Peso | E46: Comentário
A47: Local sujo/desorganizado | I47: =IF(COUNT(C47:D47)=1,"-->Verifique! Item QTDE ou PESO em branco","-") -> -
A48: Armazenamento inadequado | I48: =IF(COUNT(C48:D48)=1,"-->Verifique! Item QTDE ou PESO em branco","-") -> -
A49: Contaminação Ambiental | I49: =IF(COUNT(C49:D49)=1,"-->Verifique! Item QTDE ou PESO em branco","-") -> -
A50: Sub-total: | C50: =SUM(C47:C49) -> 0
A51: Resumo dos desvios
A52: Grau de Severidade | C52: Qtd Desvios por Severidade | F52: %
A53: 0.3 | C53: =SUMIF(D8:D16,0.3,C8:C16)+SUMIF(D19:D28,0.3,C19:C28)+SUMIF(D31:D34,0.3,C31:C34)+SUMIF(D37:D39,0.3,C37:C39)+SUMIF(D42:D44,0.3,C42:C44)+SUMIF(D47:D49,0.3,C47:C49) -> 0 | F53: =IF(C53>0,C53/$C$56,"-") -> -
A54: 1 | C54: =SUMIF(D8:D16,1,C8:C16)+SUMIF(D19:D28,1,C19:C28)+SUMIF(D31:D34,1,C31:C34)+SUMIF(D37:D39,1,C37:C39)+SUMIF(D42:D44,1,C42:C44)+SUMIF(D47:D49,1,C47:C49) -> 0 | F54: =IF(C54>0,C54/$C$56,"-") -> -
A55: 3 | C55: =SUMIF(D8:D16,3,C8:C16)+SUMIF(D19:D28,3,C19:C28)+SUMIF(D31:D34,3,C31:C34)+SUMIF(D37:D39,3,C37:C39)+SUMIF(D42:D44,3,C42:C44)+SUMIF(D47:D49,3,C47:C49) -> 0 | F55: =IF(C55>0,C55/$C$56,"-") -> -
A56: total | C56: =SUM(C53:E55) -> 0 | F56: =SUM(F53:H55) -> 0
A57: Resumo da auditoria
A58: Q= Total de desvios encontrados | F58: =C56 -> 0
A59: N= Total de Pessoas Observadas | F59: =H5 -> 0
A60: SD= ∑ Desvios Comportamentais x Severidade dos Desvios | F60: =(C53*A53)+(C54*A54)+(C55*A55) -> 0
A61: Nota Final IDS (%)
A62: IDS = 100 – (SD / N) * 100 | F62: =IF(F59>0,1-((F60/F59)),"-") -> -
A63: Pontos fortes
A69: Oportunidades de Melhorias
A76: NÃO APAGAR DESTA LINHA PARA BAIXO
A77: 0.3
A78: 1
A79: 3

Sheet sab (5)
A1: IDS - INDICADOR DE DESEMPENHO EM SEGURANÇA
A2: Local: | B2: ='seg (1)'!B2 -> CMPC | E2: Auditor Líder: | F2: ='seg (1)'!F2 -> HSE
A3: Contratada: | B3: ='seg (1)'!B3 -> 0 | E3: Auditor:
A4: Subcontratada: | B4: ='seg (1)'!B4 -> 0 | E4: Data:
A5: Acompanhante: | B5: ='seg (1)'!B5 -> 0 | E5: Hora: | G5: Nº de pessoas:
A6: GABARITO DE OBSERVAÇÃO
A7: USO DE EPI´S | C7: Qtd. | D7: Peso | E7: Comentário
A8: Capacete/Jugular | I8: =IF(COUNT(C8:D8)=1,"-->Verifique! Item QTDE ou PESO em branco","-") -> -
A9: Máscara Respiratória | I9: =IF(COUNT(C9:D9)=1,"-->Verifique! Item QTDE ou PESO em branco","-") -> -
A10: Óculos | I10: =IF(COUNT(C10:D10)=1,"-->Verifique! Item QTDE ou PESO em branco","-") -> -
A11: Protetor Facial | I11: =IF(COUNT(C11:D11)=1,"-->Verifique! Item QTDE ou PESO em branco","-") -> -
A12: Protetor Auricular | I12: =IF(COUNT(C12:D12)=1,"-->Verifique! Item QTDE ou PESO em branco","-") -> -
A13: Luvas | I13: =IF(COUNT(C13:D13)=1,"-->Verifique! Item QTDE ou PESO em branco","-") -> -
A14: Avental/jaleco | I14: =IF(COUNT(C14:D14)=1,"-->Verifique! Item QTDE ou PESO em branco","-") -> -
A15: Calçado de Segurança | I15: =IF(COUNT(C15:D15)=1,"-->Verifique! Item QTDE ou PESO em branco","-") -> -
A16: Cinto de Segurança | I16: =IF(COUNT(C16:D16)=1,"-->Verifique! Item QTDE ou PESO em branco","-") -> -
A17: Sub-total: | C17: =SUM(C8:C16) -> 0
A18: POSIÇÃO DAS PESSOAS | C18: Qtd. | D18: Peso | E18: Comentário
A19: Bater contra/Ser atingido por | I19: =IF(COUNT(C19:D19)=1,"-->Verifique! Item QTDE ou PESO em branco","-") -> -
A20: Ficar preso | I20: =IF(COUNT(C20:D20)=1,"-->Verifique! Item QTDE ou PESO em branco","-") -> -
A21: Risco de queda | I21: =IF(COUNT(C21:D21)=1,"-->Verifique! Item QTDE ou PESO em branco","-") -> -
A22: Risco de queimadura | I22: =IF(COUNT(C22:D22)=1,"-->Verifique! Item QTDE ou PESO em branco","-") -> -
A23: Risco de choque elétrico | I23: =IF(COUNT(C23:D23)=1,"-->Verifique! Item QTDE ou PESO em branco","-") -> -
A24: Inalar/Absorver contaminantes | I24: =IF(COUNT(C24:D24)=1,"-->Verifique! Item QTDE ou PESO em branco","-") -> -
A25: Trabalho Sobreposto | I25: =IF(COUNT(C25:D25)=1,"-->Verifique! Item QTDE ou PESO em branco","-") -> -
A26: Ingerir contaminantes | I26: =IF(COUNT(C26:D26)=1,"-->Verifique! Item QTDE ou PESO em branco","-") -> -
A27: Postura inadequada | I27: =IF(COUNT(C27:D27)=1,"-->Verifique! Item QTDE ou PESO em branco","-") -> -
A28: Esforço inadequado | I28: =IF(COUNT(C28:D28)=1,"-->Verifique! Item QTDE ou PESO em branco","-") -> -
A29: Sub-total: | C29: =SUM(C19:C28) -> 0
A30: AÇÃO QUANDO OBSERVADO | C30: Qtd. | D30: Peso | E30: Comentário
A31: Mudança de posição | I31: =IF(COUNT(C31:D31)=1,"-->Verifique! Item QTDE ou PESO em branco","-") -> -
A32: Paraliza a atividade | I32: =IF(COUNT(C32:D32)=1,"-->Verifique! Item QTDE ou PESO em branco","-") -> -
A33: Ajusta o EPI | I33: =IF(COUNT(C33:D33)=1,"-->Verifique! Item QTDE ou PESO em branco","-") -> -
A34: Adequa o serviço | I34: =IF(COUNT(C34:D34)=1,"-->Verifique! Item QTDE ou PESO em branco","-") -> -
A35: Sub-total: | C35: =SUM(C31:C34) -> 0
A36: PROCEDIMENTOS | C36: Qtd. | D36: Peso | E36: Comentário
A37: Inadequados | I37: =IF(COUNT(C37:D37)=1,"-->Verifique! Item QTDE ou PESO em branco","-") -> -
A38: Não existem procedimentos escritos | I38: =IF(COUNT(C38:D38)=1,"-->Verifique! Item QTDE ou PESO em branco","-") -> -
A39: Adequados e não são seguidos | I39: =IF(COUNT(C39:D39)=1,"-->Verifique! Item QTDE ou PESO em branco","-") -> -
A40: Sub-total: | C40: =SUM(C37:C39) -> 0
A41: FERRAMENTAS E EQUIPAMENTOS | C41: Qtd. | D41: Peso | E41: Comentário
A42: Impróprio para o serviço | I42: =IF(COUNT(C42:D42)=1,"-->Verifique! Item QTDE ou PESO em branco","-") -> -
A43: Usados incorretamente | I43: =IF(COUNT(C43:D43)=1,"-->Verifique! Item QTDE ou PESO em branco","-") -> -
A44: Em condição inseguras | I44: =IF(COUNT(C44:D44)=1,"-->Verifique! Item QTDE ou PESO em branco","-") -> -
A45: Sub-total: | C45: =SUM(C42:C44) -> 0
A46: PADRÕES DE ORGANIZAÇÃO | C46: Qtd. | D46: Peso | E46: Comentário
A47: Local sujo/desorganizado | I47: =IF(COUNT(C47:D47)=1,"-->Verifique! Item QTDE ou PESO em branco","-") -> -
A48: Armazenamento inadequado | I48: =IF(COUNT(C48:D48)=1,"-->Verifique! Item QTDE ou PESO em branco","-") -> -
A49: Contaminação Ambiental | I49: =IF(COUNT(C49:D49)=1,"-->Verifique! Item QTDE ou PESO em branco","-") -> -
A50: Sub-total: | C50: =SUM(C47:C49) -> 0
A51: Resumo dos desvios
A52: Grau de Severidade | C52: Qtd Desvios por Severidade | F52: %
A53: 0.3 | C53: =SUMIF(D8:D16,0.3,C8:C16)+SUMIF(D19:D28,0.3,C19:C28)+SUMIF(D31:D34,0.3,C31:C34)+SUMIF(D37:D39,0.3,C37:C39)+SUMIF(D42:D44,0.3,C42:C44)+SUMIF(D47:D49,0.3,C47:C49) -> 0 | F53: =IF(C53>0,C53/$C$56,"-") -> -
A54: 1 | C54: =SUMIF(D8:D16,1,C8:C16)+SUMIF(D19:D28,1,C19:C28)+SUMIF(D31:D34,1,C31:C34)+SUMIF(D37:D39,1,C37:C39)+SUMIF(D42:D44,1,C42:C44)+SUMIF(D47:D49,1,C47:C49) -> 0 | F54: =IF(C54>0,C54/$C$56,"-") -> -
A55: 3 | C55: =SUMIF(D8:D16,3,C8:C16)+SUMIF(D19:D28,3,C19:C28)+SUMIF(D31:D34,3,C31:C34)+SUMIF(D37:D39,3,C37:C39)+SUMIF(D42:D44,3,C42:C44)+SUMIF(D47:D49,3,C47:C49) -> 0 | F55: =IF(C55>0,C55/$C$56,"-") -> -
A56: total | C56: =SUM(C53:E55) -> 0 | F56: =SUM(F53:H55) -> 0
A57: Resumo da auditoria
A58: Q= Total de desvios encontrados | F58: =C56 -> 0
A59: N= Total de Pessoas Observadas | F59: =H5 -> 0
A60: SD= ∑ Desvios Comportamentais x Severidade dos Desvios | F60: =(C53*A53)+(C54*A54)+(C55*A55) -> 0
A61: Nota Final IDS (%)
A62: IDS = 100 – (SD / N) * 100 | F62: =IF(F59>0,1-((F60/F59)),"-") -> -
A63: Pontos fortes
A69: Oportunidades de Melhorias
A76: NÃO APAGAR DESTA LINHA PARA BAIXO
A77: 0.3
A78: 1
A79: 3

Sheet Dados
C2: Média | D2: S1 | E2: S2 | F2: S3 | G2: S4 | H2: S5 | I2: =IF('seg (5)'!F3="n/a","w5 não aplicável") -> w5 não aplicável
A3: =IF(C3=0%,0,1) -> 1 | B3: segunda | C3: =IFERROR(AVERAGE(D3:H3),"-") -> - | D3: ='seg (1)'!$F$62 -> - | E3: ='seg (2)'!$F$62 -> - | F3: ='seg (3)'!$F$62 -> - | G3: ='seg (4)'!$F$62 -> - | H3: ='seg (5)'!$F$62 -> -
A4: =IF(C4=0%,0,1) -> 1 | B4: terça | C4: =IFERROR(AVERAGE(D4:H4),"-") -> - | D4: ='ter (1)'!$F$62 -> - | E4: ='ter (2)'!$F$62 -> - | F4: ='ter (3)'!$F$62 -> - | G4: ='ter (4)'!$F$62 -> - | H4: ='ter (5)'!$F$62 -> -
A5: =IF(C5=0%,0,1) -> 1 | B5: quarta | C5: =IFERROR(AVERAGE(D5:H5),"-") -> - | D5: ='qua (1)'!$F$62 -> - | E5: ='qua (2)'!$F$62 -> - | F5: ='qua (3)'!$F$62 -> - | G5: ='qua (4)'!$F$62 -> - | H5: ='qua (5)'!$F$62 -> -
A6: =IF(C6=0%,0,1) -> 1 | B6: quinta | C6: =IFERROR(AVERAGE(D6:H6),"-") -> - | D6: ='qui (1)'!$F$62 -> - | E6: ='qui (2)'!$F$62 -> - | F6: ='qui (3)'!$F$62 -> - | G6: ='qui (4)'!$F$62 -> - | H6: ='qui (5)'!$F$62 -> -
A7: =IF(C7=0%,0,1) -> 1 | B7: sexta | C7: =IFERROR(AVERAGE(D7:H7),"-") -> - | D7: ='sex (1)'!$F$62 -> - | E7: ='sex (2)'!$F$62 -> - | F7: ='sex (3)'!$F$62 -> - | G7: ='sex (4)'!$F$62 -> - | H7: ='sex (5)'!$F$62 -> -
A8: =IF(C8=0%,0,1) -> 1 | B8: sábado | C8: =IFERROR(AVERAGE(D8:H8),"-") -> - | D8: ='sab (1)'!$F$62 -> - | E8: ='sab (2)'!$F$62 -> - | F8: ='sab (3)'!$F$62 -> - | G8: ='sab (4)'!$F$62 -> - | H8: ='sab (5)'!$F$62 -> -
B9: Média | C9: =IFERROR(AVERAGE(D9:H9),"-") -> - | D9: =IFERROR(AVERAGE(D3:D8),"-") -> - | E9: =IFERROR(AVERAGE(E3:E8),"-") -> - | F9: =IFERROR(AVERAGE(F3:F8),"-") -> - | G9: =IFERROR(AVERAGE(G3:G8),"-") -> - | H9: =IFERROR(AVERAGE(H3:H8),"-") -> -
C11: Total | D11: S1 | E11: S2 | F11: S3 | G11: S4 | H11: S5 | I11: =I2 -> w5 não aplicável
B12: segunda | C12: =SUM(D12:H12) -> 0 | D12: ='seg (1)'!$H$5 -> 0 | E12: ='seg (2)'!$H$5 -> 0 | F12: ='seg (3)'!$H$5 -> 0 | G12: ='seg (4)'!$H$5 -> 0 | H12: =IF(I2="w5 não aplicável","-",'seg (5)'!$H$5) -> -
B13: terça | C13: =SUM(D13:H13) -> 0 | D13: ='ter (1)'!$H$5 -> 0 | E13: ='ter (2)'!$H$5 -> 0 | F13: ='ter (3)'!$H$5 -> 0 | G13: ='ter (4)'!$H$5 -> 0 | H13: =IF(I2="w5 não aplicável","-",'ter (5)'!$H$5) -> -
B14: quarta | C14: =SUM(D14:H14) -> 0 | D14: ='qua (1)'!$H$5 -> 0 | E14: ='qua (2)'!$H$5 -> 0 | F14: ='qua (3)'!$H$5 -> 0 | G14: ='qua (4)'!$H$5 -> 0 | H14: =IF(I2="w5 não aplicável","-",'qua (5)'!$H$5) -> -
B15: quinta | C15: =SUM(D15:H15) -> 0 | D15: ='qui (1)'!$H$5 -> 0 | E15: ='qui (2)'!$H$5 -> 0 | F15: ='qui (3)'!$H$5 -> 0 | G15: ='qui (4)'!$H$5 -> 0 | H15: =IF(I2="w5 não aplicável","-",'qui (5)'!$H$5) -> -
B16: sexta | C16: =SUM(D16:H16) -> 0 | D16: ='sex (1)'!$H$5 -> 0 | E16: ='sex (2)'!$H$5 -> 0 | F16: ='sex (3)'!$H$5 -> 0 | G16: ='sex (4)'!$H$5 -> 0 | H16: =IF(I2="w5 não aplicável","-",'sex (5)'!$H$5) -> -
B17: sábado | C17: =SUM(D17:H17) -> 0 | D17: ='sab (1)'!$H$5 -> 0 | E17: ='sab (2)'!$H$5 -> 0 | F17: ='sab (3)'!$H$5 -> 0 | G17: ='sab (4)'!$H$5 -> 0 | H17: =IF(I2="w5 não aplicável","-",'sab (5)'!$H$5) -> -
B18: Total | C18: =SUM(D18:H18) -> 0 | D18: =SUM(D12:D17) -> 0 | E18: =SUM(E12:E17) -> 0 | F18: =SUM(F12:F17) -> 0 | G18: =SUM(G12:G17) -> 0 | H18: =IF(I2="w5 não aplicável","-",SUM(H12:H17)) -> -
C21: Total | D21: S1 | E21: S2 | F21: S3 | G21: S4 | H21: S5 | I21: =I2 -> w5 não aplicável
B22: segunda | C22: =SUM(D22:H22) -> 0 | D22: ='seg (1)'!$C$56 -> 0 | E22: ='seg (2)'!$C$56 -> 0 | F22: ='seg (3)'!$C$56 -> 0 | G22: ='seg (4)'!$C$56 -> 0 | H22: =IF(I2="w5 não aplicável","-",'seg (5)'!$C$56) -> -
B23: terça | C23: =SUM(D23:H23) -> 0 | D23: ='ter (1)'!$C$56 -> 0 | E23: ='ter (2)'!$C$56 -> 0 | F23: ='ter (3)'!$C$56 -> 0 | G23: ='ter (4)'!$C$56 -> 0 | H23: =IF(I2="w5 não aplicável","-",'ter (5)'!$C$56) -> -
B24: quarta | C24: =SUM(D24:H24) -> 0 | D24: ='qua (1)'!$C$56 -> 0 | E24: ='qua (2)'!$C$56 -> 0 | F24: ='qua (3)'!$C$56 -> 0 | G24: ='qua (4)'!$C$56 -> 0 | H24: =IF(I2="w5 não aplicável","-",'qua (5)'!$C$56) -> -
B25: quinta | C25: =SUM(D25:H25) -> 0 | D25: ='qui (1)'!$C$56 -> 0 | E25: ='qui (2)'!$C$56 -> 0 | F25: ='qui (3)'!$C$56 -> 0 | G25: ='qui (4)'!$C$56 -> 0 | H25: =IF(I2="w5 não aplicável","-",'qui (5)'!$C$56) -> -
B26: sexta | C26: =SUM(D26:H26) -> 0 | D26: ='sex (1)'!$C$56 -> 0 | E26: ='sex (2)'!$C$56 -> 0 | F26: ='sex (3)'!$C$56 -> 0 | G26: ='sex (4)'!$C$56 -> 0 | H26: =IF(I2="w5 não aplicável","-",'sex (5)'!$C$56) -> -
B27: sábado | C27: =SUM(D27:H27) -> 0 | D27: ='sab (1)'!$C$56 -> 0 | E27: ='sab (2)'!$C$56 -> 0 | F27: ='sab (3)'!$C$56 -> 0 | G27: ='sab (4)'!$C$56 -> 0 | H27: =IF(I2="w5 não aplicável","-",'sab (5)'!$C$56) -> -
B28: Total | C28: =SUM(D28:H28) -> 0 | D28: =SUM(D22:D27) -> 0 | E28: =SUM(E22:E27) -> 0 | F28: =SUM(F22:F27) -> 0 | G28: =SUM(G22:G27) -> 0 | H28: =IF(I2="w5 não aplicável","-",SUM(H22:H27)) -> -
B30: Grau | C30: Total | D30: S1 | E30: S2 | F30: S3 | G30: S4 | H30: S5 | I30: =I2 -> w5 não aplicável
B31: Baixo | C31: =SUM(D31:H31) -> 0 | D31: ='seg (1)'!$C$53+'ter (1)'!$C$53+'qua (1)'!$C$53+'qui (1)'!$C$53+'sex (1)'!$C$53+'sab (1)'!$C$53 -> 0 | E31: ='seg (2)'!$C$53+'ter (2)'!$C$53+'qua (2)'!$C$53+'qui (2)'!$C$53+'sex (2)'!$C$53+'sab (2)'!$C$53 -> 0 | F31: ='seg (3)'!$C$53+'ter (3)'!$C$53+'qua (3)'!$C$53+'qui (3)'!$C$53+'sex (3)'!$C$53+'sab (3)'!$C$53 -> 0 | G31: ='seg (4)'!$C$53+'ter (4)'!$C$53+'qua (4)'!$C$53+'qui (4)'!$C$53+'sex (4)'!$C$53+'sab (4)'!$C$53 -> 0 | H31: =IF(I2="w5 não aplicável","-",'seg (5)'!$C$53+'ter (5)'!$C$53+'qua (5)'!$C$53+'qui (5)'!$C$53+'sex (5)'!$C$53+'sab (5)'!$C$53) -> -
B32: Médio | C32: =SUM(D32:H32) -> 0 | D32: ='seg (1)'!$C$54+'ter (1)'!$C$54+'qua (1)'!$C$54+'qui (1)'!$C$54+'sex (1)'!$C$54+'sab (1)'!$C$54 -> 0 | E32: ='seg (2)'!$C$54+'ter (2)'!$C$54+'qua (2)'!$C$54+'qui (2)'!$C$54+'sex (2)'!$C$54+'sab (2)'!$C$54 -> 0 | F32: ='seg (3)'!$C$54+'ter (3)'!$C$54+'qua (3)'!$C$54+'qui (3)'!$C$54+'sex (3)'!$C$54+'sab (3)'!$C$54 -> 0 | G32: ='seg (4)'!$C$54+'ter (4)'!$C$54+'qua (4)'!$C$54+'qui (4)'!$C$54+'sex (4)'!$C$54+'sab (4)'!$C$54 -> 0 | H32: =IF(I2="w5 não aplicável","-",'seg (5)'!$C$55+'ter (5)'!$C$55+'qua (5)'!$C$55+'qui (5)'!$C$55+'sex (5)'!$C$55+'sab (5)'!$C$55) -> -
B33: Alto | C33: =SUM(D33:H33) -> 0 | D33: ='seg (1)'!$C$55+'ter (1)'!$C$55+'qua (1)'!$C$55+'qui (1)'!$C$55+'sex (1)'!$C$55+'sab (1)'!$C$55 -> 0 | E33: ='seg (2)'!$C$55+'ter (2)'!$C$55+'qua (2)'!$C$55+'qui (2)'!$C$55+'sex (2)'!$C$55+'sab (2)'!$C$55 -> 0 | F33: ='seg (3)'!$C$55+'ter (3)'!$C$55+'qua (3)'!$C$55+'qui (3)'!$C$55+'sex (3)'!$C$55+'sab (3)'!$C$55 -> 0 | G33: ='seg (4)'!$C$55+'ter (4)'!$C$55+'qua (4)'!$C$55+'qui (4)'!$C$55+'sex (4)'!$C$55+'sab (4)'!$C$55 -> 0 | H33: =IF(I2="w5 não aplicável","-",'seg (5)'!$C$55+'ter (5)'!$C$55+'qua (5)'!$C$55+'qui (5)'!$C$55+'sex (5)'!$C$55+'sab (5)'!$C$55) -> -
B34: Total | C34: =SUM(D34:H34) -> 0 | D34: =SUM(D31:D33) -> 0 | E34: =SUM(E31:E33) -> 0 | F34: =SUM(F31:F33) -> 0 | G34: =SUM(G31:G33) -> 0 | H34: =IF(I2="w5 não aplicável","-",SUM(H31:H33)) -> -
C36: Total | D36: S1 | E36: S2 | F36: S3 | G36: S4 | H36: S5 | I36: =I2 -> w5 não aplicável
B37: Baixo | C37: =C31/C34 -> #DIV/0! | D37: =D31/D34 -> #DIV/0! | E37: =E31/E34 -> #DIV/0! | F37: =F31/F34 -> #DIV/0! | G37: =G31/G34 -> #DIV/0! | H37: =IF(I2="w5 não aplicável","-",H31/H34) -> -
B38: Médio | C38: =C32/C34 -> #DIV/0! | D38: =D32/D34 -> #DIV/0! | E38: =E32/E34 -> #DIV/0! | F38: =F32/F34 -> #DIV/0! | G38: =G32/G34 -> #DIV/0! | H38: =IF(I2="w5 não aplicável","-",H32/H34) -> -
B39: Alto | C39: =C33/C34 -> #DIV/0! | D39: =D33/D34 -> #DIV/0! | E39: =E33/E34 -> #DIV/0! | F39: =F33/F34 -> #DIV/0! | G39: =G33/G34 -> #DIV/0! | H39: =IF(I2="w5 não aplicável","-",H33/H34) -> -
B41: Categorias | C41: Total | D41: S1 | E41: S2 | F41: S3 | G41: S4 | H41: S5 | I41: =I2 -> w5 não aplicável
B42: EPI | C42: =SUM(Dados!$D$67:$H$67) -> 0 | D42: =D67 -> 0 | E42: =E67 -> 0 | F42: =F67 -> 0 | G42: =G67 -> 0 | H42: =H67 -> -
B43: Posição das Pessoas | C43: =SUM(Dados!$D$80:$H$80) -> 0 | D43: =D80 -> 0 | E43: =E80 -> 0 | F43: =F80 -> 0 | G43: =G80 -> 0 | H43: =H80 -> -
B44: Ação Quando Observado | C44: =SUM(Dados!$D$55:$H$55) -> 0 | D44: =D55 -> 0 | E44: =E55 -> 0 | F44: =F55 -> 0 | G44: =G55 -> 0 | H44: =H55 -> -
B45: Procedimentos | C45: =SUM(Dados!$D$92:$H$92) -> 0 | D45: =D92 -> 0 | E45: =E92 -> 0 | F45: =F92 -> 0 | G45: =G92 -> 0 | H45: =H92 -> -
B46: Ferramentas e Equipamentos | C46: =SUM(Dados!$D$86:$H$86) -> 0 | D46: =D86 -> 0 | E46: =E86 -> 0 | F46: =F86 -> 0 | G46: =G86 -> 0 | H46: =H86 -> -
B47: Padrões de Organização | C47: =SUM(Dados!$D$98:$H$98) -> 0 | D47: =D98 -> 0 | E47: =E98 -> 0 | F47: =F98 -> 0 | G47: =G98 -> 0 | H47: =H98 -> -
B48: Total | C48: =SUM(C42:C47) -> 0 | D48: =SUM(D42:D47) -> 0 | E48: =SUM(E42:E47) -> 0 | F48: =SUM(F42:F47) -> 0 | G48: =SUM(G42:G47) -> 0 | H48: =IF(I2="w5 não aplicável","-",SUM(H42:H47)) -> -
C50: Total | D50: S1 | E50: S2 | F50: S3 | G50: S4 | H50: S5 | I50: =I2 -> w5 não aplicável
B51: Mudança de posição | C51: =SUM(D51:H51) -> 0 | D51: =SUM('seg (1)'!$C$31+'ter (1)'!$C$31+'qua (1)'!$C$31+'qui (1)'!$C$31+'sex (1)'!$C$31+'sab (1)'!$C$31) -> 0 | E51: =SUM('seg (2)'!$C$31+'ter (2)'!$C$31+'qua (2)'!$C$31+'qui (2)'!$C$31+'sex (2)'!$C$31+'sab (2)'!$C$31) -> 0 | F51: =SUM('seg (3)'!$C$31+'ter (3)'!$C$31+'qua (3)'!$C$31+'qui (3)'!$C$31+'sex (3)'!$C$31+'sab (3)'!$C$31) -> 0 | G51: =SUM('seg (4)'!$C$31+'ter (4)'!$C$31+'qua (4)'!$C$31+'qui (4)'!$C$31+'sex (4)'!$C$31+'sab (4)'!$C$31) -> 0 | H51: =IF(I2="w5 não aplicável","-",SUM('seg (5)'!$C$31+'ter (5)'!$C$31+'qua (5)'!$C$31+'qui (5)'!$C$31+'sex (5)'!$C$31+'sab (5)'!$C$31)) -> -
B52: Paraliza a atividade | C52: =SUM(D52:H52) -> 0 | D52: =SUM('seg (1)'!$C$32+'ter (1)'!$C$32+'qua (1)'!$C$32+'qui (1)'!$C$32+'sex (1)'!$C$32+'sab (1)'!$C$32) -> 0 | E52: =SUM('seg (2)'!$C$32+'ter (2)'!$C$32+'qua (2)'!$C$32+'qui (2)'!$C$32+'sex (2)'!$C$32+'sab (2)'!$C$32) -> 0 | F52: =SUM('seg (3)'!$C$32+'ter (3)'!$C$32+'qua (3)'!$C$32+'qui (3)'!$C$32+'sex (3)'!$C$32+'sab (3)'!$C$32) -> 0 | G52: =SUM('seg (4)'!$C$32+'ter (4)'!$C$32+'qua (4)'!$C$32+'qui (4)'!$C$32+'sex (4)'!$C$32+'sab (4)'!$C$32) -> 0 | H52: =IF(I2="w5 não aplicável","-",SUM('seg (5)'!$C$32+'ter (5)'!$C$32+'qua (5)'!$C$32+'qui (5)'!$C$32+'sex (5)'!$C$32+'sab (5)'!$C$32)) -> -
B53: Ajusta o EPI | C53: =SUM(D53:H53) -> 0 | D53: =SUM('seg (1)'!$C$33+'ter (1)'!$C$33+'qua (1)'!$C$33+'qui (1)'!$C$33+'sex (1)'!$C$33+'sab (1)'!$C$33) -> 0 | E53: =SUM('seg (2)'!$C$33+'ter (2)'!$C$33+'qua (2)'!$C$33+'qui (2)'!$C$33+'sex (2)'!$C$33+'sab (2)'!$C$33) -> 0 | F53: =SUM('seg (3)'!$C$33+'ter (3)'!$C$33+'qua (3)'!$C$33+'qui (3)'!$C$33+'sex (3)'!$C$33+'sab (3)'!$C$33) -> 0 | G53: =SUM('seg (4)'!$C$33+'ter (4)'!$C$33+'qua (4)'!$C$33+'qui (4)'!$C$33+'sex (4)'!$C$33+'sab (4)'!$C$33) -> 0 | H53: =IF(I2="w5 não aplicável","-",SUM('seg (5)'!$C$33+'ter (5)'!$C$33+'qua (5)'!$C$33+'qui (5)'!$C$33+'sex (5)'!$C$33+'sab (5)'!$C$33)) -> -
B54: Adequa o serviço | C54: =SUM(D54:H54) -> 0 | D54: =SUM('seg (1)'!$C$34+'ter (1)'!$C$34+'qua (1)'!$C$34+'qui (1)'!$C$34+'sex (1)'!$C$34+'sab (1)'!$C$34) -> 0 | E54: =SUM('seg (2)'!$C$34+'ter (2)'!$C$34+'qua (2)'!$C$34+'qui (2)'!$C$34+'sex (2)'!$C$34+'sab (2)'!$C$34) -> 0 | F54: =SUM('seg (3)'!$C$34+'ter (3)'!$C$34+'qua (3)'!$C$34+'qui (3)'!$C$34+'sex (3)'!$C$34+'sab (3)'!$C$34) -> 0 | G54: =SUM('seg (4)'!$C$34+'ter (4)'!$C$34+'qua (4)'!$C$34+'qui (4)'!$C$34+'sex (4)'!$C$34+'sab (4)'!$C$34) -> 0 | H54: =IF(I2="w5 não aplicável","-",SUM('seg (5)'!$C$34+'ter (5)'!$C$34+'qua (5)'!$C$34+'qui (5)'!$C$34+'sex (5)'!$C$34+'sab (5)'!$C$34)) -> -
B55: Total | C55: =SUM(D55:H55) -> 0 | D55: =SUM(D51:D54) -> 0 | E55: =SUM(E51:E54) -> 0 | F55: =SUM(F51:F54) -> 0 | G55: =SUM(G51:G54) -> 0 | H55: =IF(I2="w5 não aplicável","-",SUM(H51:H54)) -> -
C57: Total | D57: S1 | E57: S2 | F57: S3 | G57: S4 | H57: S5 | I57: =I2 -> w5 não aplicável
B58: Capacete/Jugular | C58: =SUM(D58:H58) -> 0 | D58: =SUM('seg (1)'!$C$8+'ter (1)'!$C$8+'qua (1)'!$C$8+'qui (1)'!$C$8+'sex (1)'!$C$8+'sab (1)'!$C$8) -> 0 | E58: =SUM('seg (2)'!$C$8+'ter (2)'!$C$8+'qua (2)'!$C$8+'qui (2)'!$C$8+'sex (2)'!$C$8+'sab (2)'!$C$8) -> 0 | F58: =SUM('seg (3)'!$C$8+'ter (3)'!$C$8+'qua (3)'!$C$8+'qui (3)'!$C$8+'sex (3)'!$C$8+'sab (3)'!$C$8) -> 0 | G58: =SUM('seg (4)'!$C$8+'ter (4)'!$C$8+'qua (4)'!$C$8+'qui (4)'!$C$8+'sex (4)'!$C$8+'sab (4)'!$C$8) -> 0 | H58: =IF(I2="w5 não aplicável","-",SUM('seg (5)'!$C$8+'ter (5)'!$C$8+'qua (5)'!$C$8+'qui (5)'!$C$8+'sex (5)'!$C$8+'sab (5)'!$C$8)) -> -
B59: Máscara Respiratória | C59: =SUM(D59:H59) -> 0 | D59: =SUM('seg (1)'!$C$9+'ter (1)'!$C$9+'qua (1)'!$C$9+'qui (1)'!$C$9+'sex (1)'!$C$9+'sab (1)'!$C$9) -> 0 | E59: =SUM('seg (2)'!$C$9+'ter (2)'!$C$9+'qua (2)'!$C$9+'qui (2)'!$C$9+'sex (2)'!$C$9+'sab (2)'!$C$9) -> 0 | F59: =SUM('seg (3)'!$C$9+'ter (3)'!$C$9+'qua (3)'!$C$9+'qui (3)'!$C$9+'sex (3)'!$C$9+'sab (3)'!$C$9) -> 0 | G59: =SUM('seg (4)'!$C$9+'ter (4)'!$C$9+'qua (4)'!$C$9+'qui (4)'!$C$9+'sex (4)'!$C$9+'sab (4)'!$C$9) -> 0 | H59: =IF(I2="w5 não aplicável","-",SUM('seg (5)'!$C$9+'ter (5)'!$C$9+'qua (5)'!$C$9+'qui (5)'!$C$9+'sex (5)'!$C$9+'sab (5)'!$C$9)) -> -
B60: Óculos | C60: =SUM(D60:H60) -> 0 | D60: =SUM('seg (1)'!$C$10+'ter (1)'!$C$10+'qua (1)'!$C$10+'qui (1)'!$C$10+'sex (1)'!$C$10+'sab (1)'!$C$10) -> 0 | E60: =SUM('seg (2)'!$C$10+'ter (2)'!$C$10+'qua (2)'!$C$10+'qui (2)'!$C$10+'sex (2)'!$C$10+'sab (2)'!$C$10) -> 0 | F60: =SUM('seg (3)'!$C$10+'ter (3)'!$C$10+'qua (3)'!$C$10+'qui (3)'!$C$10+'sex (3)'!$C$10+'sab (3)'!$C$10) -> 0 | G60: =SUM('seg (4)'!$C$10+'ter (4)'!$C$10+'qua (4)'!$C$10+'qui (4)'!$C$10+'sex (4)'!$C$10+'sab (4)'!$C$10) -> 0 | H60: =IF(I2="w5 não aplicável","-",SUM('seg (5)'!$C$10+'ter (5)'!$C$10+'qua (5)'!$C$10+'qui (5)'!$C$10+'sex (5)'!$C$10+'sab (5)'!$C$10)) -> -
B61: Protetor Facial | C61: =SUM(D61:H61) -> 0 | D61: =SUM('seg (1)'!$C$11+'ter (1)'!$C$11+'qua (1)'!$C$11+'qui (1)'!$C$11+'sex (1)'!$C$11+'sab (1)'!$C$11) -> 0 | E61: =SUM('seg (2)'!$C$11+'ter (2)'!$C$11+'qua (2)'!$C$11+'qui (2)'!$C$11+'sex (2)'!$C$11+'sab (2)'!$C$11) -> 0 | F61: =SUM('seg (3)'!$C$11+'ter (3)'!$C$11+'qua (3)'!$C$11+'qui (3)'!$C$11+'sex (3)'!$C$11+'sab (3)'!$C$11) -> 0 | G61: =SUM('seg (4)'!$C$11+'ter (4)'!$C$11+'qua (4)'!$C$11+'qui (4)'!$C$11+'sex (4)'!$C$11+'sab (4)'!$C$11) -> 0 | H61: =IF(I2="w5 não aplicável","-",SUM('seg (5)'!$C$11+'ter (5)'!$C$11+'qua (5)'!$C$11+'qui (5)'!$C$11+'sex (5)'!$C$11+'sab (5)'!$C$11)) -> -
B62: Protetor Auricular | C62: =SUM(D62:H62) -> 0 | D62: =SUM('seg (1)'!$C$12+'ter (1)'!$C$12+'qua (1)'!$C$12+'qui (1)'!$C$12+'sex (1)'!$C$12+'sab (1)'!$C$12) -> 0 | E62: =SUM('seg (2)'!$C$12+'ter (2)'!$C$12+'qua (2)'!$C$12+'qui (2)'!$C$12+'sex (2)'!$C$12+'sab (2)'!$C$12) -> 0 | F62: =SUM('seg (3)'!$C$12+'ter (3)'!$C$12+'qua (3)'!$C$12+'qui (3)'!$C$12+'sex (3)'!$C$12+'sab (3)'!$C$12) -> 0 | G62: =SUM('seg (4)'!$C$12+'ter (4)'!$C$12+'qua (4)'!$C$12+'qui (4)'!$C$12+'sex (4)'!$C$12+'sab (4)'!$C$12) -> 0 | H62: =IF(I2="w5 não aplicável","-",SUM('seg (5)'!$C$12+'ter (5)'!$C$12+'qua (5)'!$C$12+'qui (5)'!$C$12+'sex (5)'!$C$12+'sab (5)'!$C$12)) -> -
B63: Luvas | C63: =SUM(D63:H63) -> 0 | D63: =SUM('seg (1)'!$C$13+'ter (1)'!$C$13+'qua (1)'!$C$13+'qui (1)'!$C$13+'sex (1)'!$C$13+'sab (1)'!$C$13) -> 0 | E63: =SUM('seg (2)'!$C$13+'ter (2)'!$C$13+'qua (2)'!$C$13+'qui (2)'!$C$13+'sex (2)'!$C$13+'sab (2)'!$C$13) -> 0 | F63: =SUM('seg (3)'!$C$13+'ter (3)'!$C$13+'qua (3)'!$C$13+'qui (3)'!$C$13+'sex (3)'!$C$13+'sab (3)'!$C$13) -> 0 | G63: =SUM('seg (4)'!$C$13+'ter (4)'!$C$13+'qua (4)'!$C$13+'qui (4)'!$C$13+'sex (4)'!$C$13+'sab (4)'!$C$13) -> 0 | H63: =IF(I2="w5 não aplicável","-",SUM('seg (5)'!$C$13+'ter (5)'!$C$13+'qua (5)'!$C$13+'qui (5)'!$C$13+'sex (5)'!$C$13+'sab (5)'!$C$13)) -> -
B64: Avental/jaleco | C64: =SUM(D64:H64) -> 0 | D64: =SUM('seg (1)'!$C$14+'ter (1)'!$C$14+'qua (1)'!$C$14+'qui (1)'!$C$14+'sex (1)'!$C$14+'sab (1)'!$C$14) -> 0 | E64: =SUM('seg (2)'!$C$14+'ter (2)'!$C$14+'qua (2)'!$C$14+'qui (2)'!$C$14+'sex (2)'!$C$14+'sab (2)'!$C$14) -> 0 | F64: =SUM('seg (3)'!$C$14+'ter (3)'!$C$14+'qua (3)'!$C$14+'qui (3)'!$C$14+'sex (3)'!$C$14+'sab (3)'!$C$14) -> 0 | G64: =SUM('seg (4)'!$C$14+'ter (4)'!$C$14+'qua (4)'!$C$14+'qui (4)'!$C$14+'sex (4)'!$C$14+'sab (4)'!$C$14) -> 0 | H64: =IF(I2="w5 não aplicável","-",SUM('seg (5)'!$C$14+'ter (5)'!$C$14+'qua (5)'!$C$14+'qui (5)'!$C$14+'sex (5)'!$C$14+'sab (5)'!$C$14)) -> -
B65: Calçado de Segurança | C65: =SUM(D65:H65) -> 0 | D65: =SUM('seg (1)'!$C$15+'ter (1)'!$C$15+'qua (1)'!$C$15+'qui (1)'!$C$15+'sex (1)'!$C$15+'sab (1)'!$C$15) -> 0 | E65: =SUM('seg (2)'!$C$15+'ter (2)'!$C$15+'qua (2)'!$C$15+'qui (2)'!$C$15+'sex (2)'!$C$15+'sab (2)'!$C$15) -> 0 | F65: =SUM('seg (3)'!$C$15+'ter (3)'!$C$15+'qua (3)'!$C$15+'qui (3)'!$C$15+'sex (3)'!$C$15+'sab (3)'!$C$15) -> 0 | G65: =SUM('seg (4)'!$C$15+'ter (4)'!$C$15+'qua (4)'!$C$15+'qui (4)'!$C$15+'sex (4)'!$C$15+'sab (4)'!$C$15) -> 0 | H65: =IF(I2="w5 não aplicável","-",SUM('seg (5)'!$C$15+'ter (5)'!$C$15+'qua (5)'!$C$15+'qui (5)'!$C$15+'sex (5)'!$C$15+'sab (5)'!$C$15)) -> -
B66: Cinto de Segurança | C66: =SUM(D66:H66) -> 0 | D66: =SUM('seg (1)'!$C$16+'ter (1)'!$C$16+'qua (1)'!$C$16+'qui (1)'!$C$16+'sex (1)'!$C$16+'sab (1)'!$C$16) -> 0 | E66: =SUM('seg (2)'!$C$16+'ter (2)'!$C$16+'qua (2)'!$C$16+'qui (2)'!$C$16+'sex (2)'!$C$16+'sab (2)'!$C$16) -> 0 | F66: =SUM('seg (3)'!$C$16+'ter (3)'!$C$16+'qua (3)'!$C$16+'qui (3)'!$C$16+'sex (3)'!$C$16+'sab (3)'!$C$16) -> 0 | G66: =SUM('seg (4)'!$C$16+'ter (4)'!$C$16+'qua (4)'!$C$16+'qui (4)'!$C$16+'sex (4)'!$C$16+'sab (4)'!$C$16) -> 0 | H66: =IF(I2="w5 não aplicável","-",SUM('seg (5)'!$C$16+'ter (5)'!$C$16+'qua (5)'!$C$16+'qui (5)'!$C$16+'sex (5)'!$C$16+'sab (5)'!$C$16)) -> -
B67: Total | C67: =SUM(D67:H67) -> 0 | D67: =SUM(D58:D66) -> 0 | E67: =SUM(E58:E66) -> 0 | F67: =SUM(F58:F66) -> 0 | G67: =SUM(G58:G66) -> 0 | H67: =IF(I2="w5 não aplicável","-",SUM(H58:H66)) -> -
C69: Total | D69: S1 | E69: S2 | F69: S3 | G69: S4 | H69: S5 | I69: =I2 -> w5 não aplicável
B70: Bater contra/Ser atingido por | C70: =SUM(D70:H70) -> 0 | D70: =SUM('seg (1)'!$C$19+'ter (1)'!$C$19+'qua (1)'!$C$19+'qui (1)'!$C$19+'sex (1)'!$C$19+'sab (1)'!$C$19) -> 0 | E70: =SUM('seg (2)'!$C$19+'ter (2)'!$C$19+'qua (2)'!$C$19+'qui (2)'!$C$19+'sex (2)'!$C$19+'sab (2)'!$C$19) -> 0 | F70: =SUM('seg (3)'!$C$19+'ter (3)'!$C$19+'qua (3)'!$C$19+'qui (3)'!$C$19+'sex (3)'!$C$19+'sab (3)'!$C$19) -> 0 | G70: =SUM('seg (4)'!$C$19+'ter (4)'!$C$19+'qua (4)'!$C$19+'qui (4)'!$C$19+'sex (4)'!$C$19+'sab (4)'!$C$19) -> 0 | H70: =IF($I$2="w5 não aplicável","-",SUM('seg (5)'!$C$19+'ter (5)'!$C$19+'qua (5)'!$C$19+'qui (5)'!$C$19+'sex (5)'!$C$19+'sab (5)'!$C$19)) -> -
B71: Ficar preso | C71: =SUM(D71:H71) -> 0 | D71: =SUM('seg (1)'!$C$20+'ter (1)'!$C$20+'qua (1)'!$C$20+'qui (1)'!$C$20+'sex (1)'!$C$20+'sab (1)'!$C$20) -> 0 | E71: =SUM('seg (2)'!$C$20+'ter (2)'!$C$20+'qua (2)'!$C$20+'qui (2)'!$C$20+'sex (2)'!$C$20+'sab (2)'!$C$20) -> 0 | F71: =SUM('seg (3)'!$C$20+'ter (3)'!$C$20+'qua (3)'!$C$20+'qui (3)'!$C$20+'sex (3)'!$C$20+'sab (3)'!$C$20) -> 0 | G71: =SUM('seg (4)'!$C$20+'ter (4)'!$C$20+'qua (4)'!$C$20+'qui (4)'!$C$20+'sex (4)'!$C$20+'sab (4)'!$C$20) -> 0 | H71: =IF($I$2="w5 não aplicável","-",SUM('seg (5)'!$C$20+'ter (5)'!$C$20+'qua (5)'!$C$20+'qui (5)'!$C$20+'sex (5)'!$C$20+'sab (5)'!$C$20)) -> -
B72: Risco de queda | C72: =SUM(D72:H72) -> 0 | D72: =SUM('seg (1)'!$C$21+'ter (1)'!$C$21+'qua (1)'!$C$21+'qui (1)'!$C$21+'sex (1)'!$C$21+'sab (1)'!$C$21) -> 0 | E72: =SUM('seg (2)'!$C$21+'ter (2)'!$C$21+'qua (2)'!$C$21+'qui (2)'!$C$21+'sex (2)'!$C$21+'sab (2)'!$C$21) -> 0 | F72: =SUM('seg (3)'!$C$21+'ter (3)'!$C$21+'qua (3)'!$C$21+'qui (3)'!$C$21+'sex (3)'!$C$21+'sab (3)'!$C$21) -> 0 | G72: =SUM('seg (4)'!$C$21+'ter (4)'!$C$21+'qua (4)'!$C$21+'qui (4)'!$C$21+'sex (4)'!$C$21+'sab (4)'!$C$21) -> 0 | H72: =IF($I$2="w5 não aplicável","-",SUM('seg (5)'!$C$21+'ter (5)'!$C$21+'qua (5)'!$C$21+'qui (5)'!$C$21+'sex (5)'!$C$21+'sab (5)'!$C$21)) -> -
B73: Risco de queimadura | C73: =SUM(D73:H73) -> 0 | D73: =SUM('seg (1)'!$C$22+'ter (1)'!$C$22+'qua (1)'!$C$22+'qui (1)'!$C$22+'sex (1)'!$C$22+'sab (1)'!$C$22) -> 0 | E73: =SUM('seg (2)'!$C$22+'ter (2)'!$C$22+'qua (2)'!$C$22+'qui (2)'!$C$22+'sex (2)'!$C$22+'sab (2)'!$C$22) -> 0 | F73: =SUM('seg (3)'!$C$22+'ter (3)'!$C$22+'qua (3)'!$C$22+'qui (3)'!$C$22+'sex (3)'!$C$22+'sab (3)'!$C$22) -> 0 | G73: =SUM('seg (4)'!$C$22+'ter (4)'!$C$22+'qua (4)'!$C$22+'qui (4)'!$C$22+'sex (4)'!$C$22+'sab (4)'!$C$22) -> 0 | H73: =IF($I$2="w5 não aplicável","-",SUM('seg (5)'!$C$22+'ter (5)'!$C$22+'qua (5)'!$C$22+'qui (5)'!$C$22+'sex (5)'!$C$22+'sab (5)'!$C$22)) -> -
B74: Risco de choque elétrico | C74: =SUM(D74:H74) -> 0 | D74: =SUM('seg (1)'!$C$23+'ter (1)'!$C$23+'qua (1)'!$C$23+'qui (1)'!$C$23+'sex (1)'!$C$23+'sab (1)'!$C$23) -> 0 | E74: =SUM('seg (2)'!$C$23+'ter (2)'!$C$23+'qua (2)'!$C$23+'qui (2)'!$C$23+'sex (2)'!$C$23+'sab (2)'!$C$23) -> 0 | F74: =SUM('seg (3)'!$C$23+'ter (3)'!$C$23+'qua (3)'!$C$23+'qui (3)'!$C$23+'sex (3)'!$C$23+'sab (3)'!$C$23) -> 0 | G74: =SUM('seg (4)'!$C$23+'ter (4)'!$C$23+'qua (4)'!$C$23+'qui (4)'!$C$23+'sex (4)'!$C$23+'sab (4)'!$C$23) -> 0 | H74: =IF($I$2="w5 não aplicável","-",SUM('seg (5)'!$C$23+'ter (5)'!$C$23+'qua (5)'!$C$23+'qui (5)'!$C$23+'sex (5)'!$C$23+'sab (5)'!$C$23)) -> -
B75: Inalar/Absorver contaminantes | C75: =SUM(D75:H75) -> 0 | D75: =SUM('seg (1)'!$C$24+'ter (1)'!$C$24+'qua (1)'!$C$24+'qui (1)'!$C$24+'sex (1)'!$C$24+'sab (1)'!$C$24) -> 0 | E75: =SUM('seg (2)'!$C$24+'ter (2)'!$C$24+'qua (2)'!$C$24+'qui (2)'!$C$24+'sex (2)'!$C$24+'sab (2)'!$C$24) -> 0 | F75: =SUM('seg (3)'!$C$24+'ter (3)'!$C$24+'qua (3)'!$C$24+'qui (3)'!$C$24+'sex (3)'!$C$24+'sab (3)'!$C$24) -> 0 | G75: =SUM('seg (4)'!$C$24+'ter (4)'!$C$24+'qua (4)'!$C$24+'qui (4)'!$C$24+'sex (4)'!$C$24+'sab (4)'!$C$24) -> 0 | H75: =IF($I$2="w5 não aplicável","-",SUM('seg (5)'!$C$24+'ter (5)'!$C$24+'qua (5)'!$C$24+'qui (5)'!$C$24+'sex (5)'!$C$24+'sab (5)'!$C$24)) -> -
B76: Trabalho Sobreposto | C76: =SUM(D76:H76) -> 0 | D76: =SUM('seg (1)'!$C$25+'ter (1)'!$C$25+'qua (1)'!$C$25+'qui (1)'!$C$25+'sex (1)'!$C$25+'sab (1)'!$C$25) -> 0 | E76: =SUM('seg (2)'!$C$25+'ter (2)'!$C$25+'qua (2)'!$C$25+'qui (2)'!$C$25+'sex (2)'!$C$25+'sab (2)'!$C$25) -> 0 | F76: =SUM('seg (3)'!$C$25+'ter (3)'!$C$25+'qua (3)'!$C$25+'qui (3)'!$C$25+'sex (3)'!$C$25+'sab (3)'!$C$25) -> 0 | G76: =SUM('seg (4)'!$C$25+'ter (4)'!$C$25+'qua (4)'!$C$25+'qui (4)'!$C$25+'sex (4)'!$C$25+'sab (4)'!$C$25) -> 0 | H76: =IF($I$2="w5 não aplicável","-",SUM('seg (5)'!$C$25+'ter (5)'!$C$25+'qua (5)'!$C$25+'qui (5)'!$C$25+'sex (5)'!$C$25+'sab (5)'!$C$25)) -> -
B77: Ingerir contaminantes | C77: =SUM(D77:H77) -> 0 | D77: =SUM('seg (1)'!$C$26+'ter (1)'!$C$26+'qua (1)'!$C$26+'qui (1)'!$C$26+'sex (1)'!$C$26+'sab (1)'!$C$26) -> 0 | E77: =SUM('seg (2)'!$C$26+'ter (2)'!$C$26+'qua (2)'!$C$26+'qui (2)'!$C$26+'sex (2)'!$C$26+'sab (2)'!$C$26) -> 0 | F77: =SUM('seg (3)'!$C$26+'ter (3)'!$C$26+'qua (3)'!$C$26+'qui (3)'!$C$26+'sex (3)'!$C$26+'sab (3)'!$C$26) -> 0 | G77: =SUM('seg (4)'!$C$26+'ter (4)'!$C$26+'qua (4)'!$C$26+'qui (4)'!$C$26+'sex (4)'!$C$26+'sab (4)'!$C$26) -> 0 | H77: =IF($I$2="w5 não aplicável","-",SUM('seg (5)'!$C$26+'ter (5)'!$C$26+'qua (5)'!$C$26+'qui (5)'!$C$26+'sex (5)'!$C$26+'sab (5)'!$C$26)) -> -
B78: Postura inadequada | C78: =SUM(D78:H78) -> 0 | D78: =SUM('seg (1)'!$C$27+'ter (1)'!$C$27+'qua (1)'!$C$27+'qui (1)'!$C$27+'sex (1)'!$C$27+'sab (1)'!$C$27) -> 0 | E78: =SUM('seg (2)'!$C$27+'ter (2)'!$C$27+'qua (2)'!$C$27+'qui (2)'!$C$27+'sex (2)'!$C$27+'sab (2)'!$C$27) -> 0 | F78: =SUM('seg (3)'!$C$27+'ter (3)'!$C$27+'qua (3)'!$C$27+'qui (3)'!$C$27+'sex (3)'!$C$27+'sab (3)'!$C$27) -> 0 | G78: =SUM('seg (4)'!$C$27+'ter (4)'!$C$27+'qua (4)'!$C$27+'qui (4)'!$C$27+'sex (4)'!$C$27+'sab (4)'!$C$27) -> 0 | H78: =IF($I$2="w5 não aplicável","-",SUM('seg (5)'!$C$27+'ter (5)'!$C$27+'qua (5)'!$C$27+'qui (5)'!$C$27+'sex (5)'!$C$27+'sab (5)'!$C$27)) -> -
B79: Esforço inadequado | C79: =SUM(D79:H79) -> 0 | D79: =SUM('seg (1)'!$C$28+'ter (1)'!$C$28+'qua (1)'!$C$28+'qui (1)'!$C$28+'sex (1)'!$C$28+'sab (1)'!$C$28) -> 0 | E79: =SUM('seg (2)'!$C$28+'ter (2)'!$C$28+'qua (2)'!$C$28+'qui (2)'!$C$28+'sex (2)'!$C$28+'sab (2)'!$C$28) -> 0 | F79: =SUM('seg (3)'!$C$28+'ter (3)'!$C$28+'qua (3)'!$C$28+'qui (3)'!$C$28+'sex (3)'!$C$28+'sab (3)'!$C$28) -> 0 | G79: =SUM('seg (4)'!$C$28+'ter (4)'!$C$28+'qua (4)'!$C$28+'qui (4)'!$C$28+'sex (4)'!$C$28+'sab (4)'!$C$28) -> 0 | H79: =IF($I$2="w5 não aplicável","-",SUM('seg (5)'!$C$28+'ter (5)'!$C$28+'qua (5)'!$C$28+'qui (5)'!$C$28+'sex (5)'!$C$28+'sab (5)'!$C$28)) -> -
B80: Total | C80: =SUM(D80:H80) -> 0 | D80: =SUM(D70:D79) -> 0 | E80: =SUM(E70:E79) -> 0 | F80: =SUM(F70:F79) -> 0 | G80: =SUM(G70:G79) -> 0 | H80: =IF(I2="w5 não aplicável","-",SUM(H70:H79)) -> -
C82: Total | D82: S1 | E82: S2 | F82: S3 | G82: S4 | H82: S5 | I82: =I2 -> w5 não aplicável
B83: Impróprio para o serviço | C83: =SUM(D83:H83) -> 0 | D83: =SUM('seg (1)'!$C$42+'ter (1)'!$C$42+'qua (1)'!$C$42+'qui (1)'!$C$42+'sex (1)'!$C$42+'sab (1)'!$C$42) -> 0 | E83: =SUM('seg (2)'!$C$42+'ter (2)'!$C$42+'qua (2)'!$C$42+'qui (2)'!$C$42+'sex (2)'!$C$42+'sab (2)'!$C$42) -> 0 | F83: =SUM('seg (3)'!$C$42+'ter (3)'!$C$42+'qua (3)'!$C$42+'qui (3)'!$C$42+'sex (3)'!$C$42+'sab (3)'!$C$42) -> 0 | G83: =SUM('seg (4)'!$C$42+'ter (4)'!$C$42+'qua (4)'!$C$42+'qui (4)'!$C$42+'sex (4)'!$C$42+'sab (4)'!$C$42) -> 0 | H83: =IF(I2="w5 não aplicável","-",SUM('seg (5)'!$C$42+'ter (5)'!$C$42+'qua (5)'!$C$42+'qui (5)'!$C$42+'sex (5)'!$C$42+'sab (5)'!$C$42)) -> -
B84: Usados incorretamente | C84: =SUM(D84:H84) -> 0 | D84: =SUM('seg (1)'!$C$43+'ter (1)'!$C$43+'qua (1)'!$C$43+'qui (1)'!$C$43+'sex (1)'!$C$43+'sab (1)'!$C$43) -> 0 | E84: =SUM('seg (2)'!$C$43+'ter (2)'!$C$43+'qua (2)'!$C$43+'qui (2)'!$C$43+'sex (2)'!$C$43+'sab (2)'!$C$43) -> 0 | F84: =SUM('seg (3)'!$C$43+'ter (3)'!$C$43+'qua (3)'!$C$43+'qui (3)'!$C$43+'sex (3)'!$C$43+'sab (3)'!$C$43) -> 0 | G84: =SUM('seg (4)'!$C$43+'ter (4)'!$C$43+'qua (4)'!$C$43+'qui (4)'!$C$43+'sex (4)'!$C$43+'sab (4)'!$C$43) -> 0 | H84: =IF(I2="w5 não aplicável","-",SUM('seg (5)'!$C$43+'ter (5)'!$C$43+'qua (5)'!$C$43+'qui (5)'!$C$43+'sex (5)'!$C$43+'sab (5)'!$C$43)) -> -
B85: Em condição inseguras | C85: =SUM(D85:H85) -> 0 | D85: =SUM('seg (1)'!$C$44+'ter (1)'!$C$44+'qua (1)'!$C$44+'qui (1)'!$C$44+'sex (1)'!$C$44+'sab (1)'!$C$44) -> 0 | E85: =SUM('seg (2)'!$C$44+'ter (2)'!$C$44+'qua (2)'!$C$44+'qui (2)'!$C$44+'sex (2)'!$C$44+'sab (2)'!$C$44) -> 0 | F85: =SUM('seg (3)'!$C$44+'ter (3)'!$C$44+'qua (3)'!$C$44+'qui (3)'!$C$44+'sex (3)'!$C$44+'sab (3)'!$C$44) -> 0 | G85: =SUM('seg (4)'!$C$44+'ter (4)'!$C$44+'qua (4)'!$C$44+'qui (4)'!$C$44+'sex (4)'!$C$44+'sab (4)'!$C$44) -> 0 | H85: =IF(I2="w5 não aplicável","-",SUM('seg (5)'!$C$44+'ter (5)'!$C$44+'qua (5)'!$C$44+'qui (5)'!$C$44+'sex (5)'!$C$44+'sab (5)'!$C$44)) -> -
B86: Total | C86: =SUM(D86:H86) -> 0 | D86: =SUM(D83:D85) -> 0 | E86: =SUM(E83:E85) -> 0 | F86: =SUM(F83:F85) -> 0 | G86: =SUM(G83:G85) -> 0 | H86: =IF(I2="w5 não aplicável","-",SUM(H83:H85)) -> -
C88: Total | D88: S1 | E88: S2 | F88: S3 | G88: S4 | H88: S5 | I88: =I2 -> w5 não aplicável
B89: Inadequados | C89: =SUM(D89:H89) -> 0 | D89: =SUM('seg (1)'!$C$37+'ter (1)'!$C$37+'qua (1)'!$C$37+'qui (1)'!$C$37+'sex (1)'!$C$37+'sab (1)'!$C$37) -> 0 | E89: =SUM('seg (2)'!$C$37+'ter (2)'!$C$37+'qua (2)'!$C$37+'qui (2)'!$C$37+'sex (2)'!$C$37+'sab (2)'!$C$37) -> 0 | F89: =SUM('seg (3)'!$C$37+'ter (3)'!$C$37+'qua (3)'!$C$37+'qui (3)'!$C$37+'sex (3)'!$C$37+'sab (3)'!$C$37) -> 0 | G89: =SUM('seg (4)'!$C$37+'ter (4)'!$C$37+'qua (4)'!$C$37+'qui (4)'!$C$37+'sex (4)'!$C$37+'sab (4)'!$C$37) -> 0 | H89: =IF(I2="w5 não aplicável","-",SUM('seg (5)'!$C$37+'ter (5)'!$C$37+'qua (5)'!$C$37+'qui (5)'!$C$37+'sex (5)'!$C$37+'sab (5)'!$C$37)) -> -
B90: Não existem procedimentos escritos | C90: =SUM(D90:H90) -> 0 | D90: =SUM('seg (1)'!$C$38+'ter (1)'!$C$38+'qua (1)'!$C$38+'qui (1)'!$C$38+'sex (1)'!$C$38+'sab (1)'!$C$38) -> 0 | E90: =SUM('seg (2)'!$C$38+'ter (2)'!$C$38+'qua (2)'!$C$38+'qui (2)'!$C$38+'sex (2)'!$C$38+'sab (2)'!$C$38) -> 0 | F90: =SUM('seg (3)'!$C$38+'ter (3)'!$C$38+'qua (3)'!$C$38+'qui (3)'!$C$38+'sex (3)'!$C$38+'sab (3)'!$C$38) -> 0 | G90: =SUM('seg (4)'!$C$38+'ter (4)'!$C$38+'qua (4)'!$C$38+'qui (4)'!$C$38+'sex (4)'!$C$38+'sab (4)'!$C$38) -> 0 | H90: =IF(I2="w5 não aplicável","-",SUM('seg (5)'!$C$38+'ter (5)'!$C$38+'qua (5)'!$C$38+'qui (5)'!$C$38+'sex (5)'!$C$38+'sab (5)'!$C$38)) -> -
B91: Adequados e não são seguidos | C91: =SUM(D91:H91) -> 0 | D91: =SUM('seg (1)'!$C$39+'ter (1)'!$C$39+'qua (1)'!$C$39+'qui (1)'!$C$39+'sex (1)'!$C$39+'sab (1)'!$C$39) -> 0 | E91: =SUM('seg (2)'!$C$39+'ter (2)'!$C$39+'qua (2)'!$C$39+'qui (2)'!$C$39+'sex (2)'!$C$39+'sab (2)'!$C$39) -> 0 | F91: =SUM('seg (3)'!$C$39+'ter (3)'!$C$39+'qua (3)'!$C$39+'qui (3)'!$C$39+'sex (3)'!$C$39+'sab (3)'!$C$39) -> 0 | G91: =SUM('seg (4)'!$C$39+'ter (4)'!$C$39+'qua (4)'!$C$39+'qui (4)'!$C$39+'sex (4)'!$C$39+'sab (4)'!$C$39) -> 0 | H91: =IF(I2="w5 não aplicável","-",SUM('seg (5)'!$C$39+'ter (5)'!$C$39+'qua (5)'!$C$39+'qui (5)'!$C$39+'sex (5)'!$C$39+'sab (5)'!$C$39)) -> -
B92: Total | C92: =SUM(D92:H92) -> 0 | D92: =SUM(D89:D91) -> 0 | E92: =SUM(E89:E91) -> 0 | F92: =SUM(F89:F91) -> 0 | G92: =SUM(G89:G91) -> 0 | H92: =IF(I2="w5 não aplicável","-",SUM(H89:H91)) -> -
C94: Total | D94: S1 | E94: S2 | F94: S3 | G94: S4 | H94: S5 | I94: =I2 -> w5 não aplicável
B95: Local sujo/desorganizado | C95: =SUM(D95:H95) -> 0 | D95: =SUM('seg (1)'!$C$47+'ter (1)'!$C$47+'qua (1)'!$C$47+'qui (1)'!$C$47+'sex (1)'!$C$47+'sab (1)'!$C$47) -> 0 | E95: =SUM('seg (2)'!$C$47+'ter (2)'!$C$47+'qua (2)'!$C$47+'qui (2)'!$C$47+'sex (2)'!$C$47+'sab (2)'!$C$47) -> 0 | F95: =SUM('seg (3)'!$C$47+'ter (3)'!$C$47+'qua (3)'!$C$47+'qui (3)'!$C$47+'sex (3)'!$C$47+'sab (3)'!$C$47) -> 0 | G95: =SUM('seg (4)'!$C$47+'ter (4)'!$C$47+'qua (4)'!$C$47+'qui (4)'!$C$47+'sex (4)'!$C$47+'sab (4)'!$C$47) -> 0 | H95: =IF(I2="w5 não aplicável","-",SUM('seg (5)'!$C$47+'ter (5)'!$C$47+'qua (5)'!$C$47+'qui (5)'!$C$47+'sex (5)'!$C$47+'sab (5)'!$C$47)) -> -
B96: Armazenamento inadequado | C96: =SUM(D96:H96) -> 0 | D96: =SUM('seg (1)'!$C$48+'ter (1)'!$C$48+'qua (1)'!$C$48+'qui (1)'!$C$48+'sex (1)'!$C$48+'sab (1)'!$C$48) -> 0 | E96: =SUM('seg (2)'!$C$48+'ter (2)'!$C$48+'qua (2)'!$C$48+'qui (2)'!$C$48+'sex (2)'!$C$48+'sab (2)'!$C$48) -> 0 | F96: =SUM('seg (3)'!$C$48+'ter (3)'!$C$48+'qua (3)'!$C$48+'qui (3)'!$C$48+'sex (3)'!$C$48+'sab (3)'!$C$48) -> 0 | G96: =SUM('seg (4)'!$C$48+'ter (4)'!$C$48+'qua (4)'!$C$48+'qui (4)'!$C$48+'sex (4)'!$C$48+'sab (4)'!$C$48) -> 0 | H96: =IF(I2="w5 não aplicável","-",SUM('seg (5)'!$C$48+'ter (5)'!$C$48+'qua (5)'!$C$48+'qui (5)'!$C$48+'sex (5)'!$C$48+'sab (5)'!$C$48)) -> -
